journey_id,date,lat,lon,course,prev_course,course_change,prev_time,storm_id,storm_name,storm_lat,storm_lon,storm_wind,storm_distance_nm,storm_time,shipid,speed_kn,source,nav_status,draught,mmsi,destination,destination_lat,destination_lon,wave_height,wave_direction,wave_period,wind_wave_height,wind_wave_direction,wind_wave_period,swell_wave_height,swell_wave_direction,swell_wave_period,ocean_current_velocity,ocean_current_direction,wind_speed_10m,wind_direction_10m
3,2024-08-06 18:32:00,29.870703,-76.736137,357.0,0.0,357.0,2024-08-06 17:27:04,AL042024,DEBBY,31.8,-79.7,45,191.72631450184295,2024-08-07 06:00:00,327290,9.1,Roaming,0,9.3,338058000,Charleston,32.79,-79.925,2.96,185.0,7.05,2.44,189.0,5.9,1.2,158.0,6.6,0.4,270.0,41.1,183.0
3,2024-08-06 19:42:00,30.057343,-76.721588,9.0,357.0,348.0,2024-08-06 18:32:00,AL042024,DEBBY,31.8,-79.7,45,185.6693349877693,2024-08-07 06:00:00,327290,10.1,Roaming,0,9.3,338058000,Charleston,32.79,-79.925,3.06,189.0,7.2,2.56,187.0,5.95,1.28,205.0,7.2,0.6,288.0,47.9,181.0
3,2024-08-06 23:07:34,30.472061,-76.628555,195.0,12.0,183.0,2024-08-06 22:07:29,AL042024,DEBBY,31.8,-79.7,45,176.82769011242783,2024-08-07 06:00:00,327290,6.6,Roaming,0,9.3,338058000,Charleston,32.79,-79.925,3.28,191.0,7.4,2.72,184.0,6.15,1.52,243.0,7.6,0.7,256.0,45.7,180.0
3,2024-08-07 10:48:36,29.523773,-77.104698,16.0,202.0,186.0,2024-08-07 10:14:00,AL042024,DEBBY,32.2,-79.3,50,196.5069598747323,2024-08-07 12:00:00,327290,10.3,Roaming,0,9.3,338058000,Charleston,32.79,-79.925,2.96,204.0,6.85,2.56,203.0,5.75,1.04,120.0,6.45,0.9,53.0,51.5,192.0
3,2024-08-07 11:38:41,29.676493,-77.067917,348.0,16.0,332.0,2024-08-07 10:48:36,AL042024,DEBBY,32.2,-79.3,50,190.1688013461194,2024-08-07 12:00:00,327290,10.1,Roaming,0,9.3,338058000,Charleston,32.79,-79.925,3.14,206.0,7.05,2.68,202.0,5.9,1.16,286.0,7.45,0.6,56.0,49.6,189.0
3,2024-08-08 13:31:10,32.273205,-79.283424,91.0,359.0,268.0,2024-08-08 13:24:19,AL042024,DEBBY,33.0,-79.6,40,46.47999059692156,2024-08-08 06:00:00,327290,6.8,Terrestrial,0,9.3,338058000,Charleston,32.79,-79.925,2.1,195.0,6.4,1.54,230.0,4.65,1.14,141.0,6.7,2.6,65.0,45.5,231.0
3,2024-08-08 13:34:39,32.271145,-79.276367,122.0,91.0,31.0,2024-08-08 13:31:10,AL042024,DEBBY,33.0,-79.6,40,46.71995837295392,2024-08-08 06:00:00,327290,6.0,Terrestrial,0,9.3,338058000,Charleston,32.79,-79.925,2.1,195.0,6.4,1.54,230.0,4.65,1.14,141.0,6.7,2.6,65.0,45.5,231.0
3,2024-08-08 14:02:40,32.243092,-79.294586,275.0,239.0,36.0,2024-08-08 14:00:33,AL042024,DEBBY,33.0,-79.6,40,47.997731631510334,2024-08-08 06:00:00,327290,5.8,Terrestrial,0,9.3,338058000,Charleston,32.79,-79.925,2.12,197.0,6.45,1.56,231.0,4.7,1.16,145.0,6.7,2.3,72.0,45.1,231.0
3,2024-08-08 14:14:40,32.244633,-79.314537,203.0,246.0,43.0,2024-08-08 14:12:34,AL042024,DEBBY,33.0,-79.6,40,47.59446137596335,2024-08-08 06:00:00,327290,4.3,Terrestrial,0,9.3,338058000,Charleston,32.79,-79.925,2.12,197.0,6.45,1.56,231.0,4.7,1.16,145.0,6.7,2.3,72.0,45.1,231.0
3,2024-08-08 14:41:00,32.233833,-79.271187,24.0,96.0,72.0,2024-08-08 14:31:31,AL042024,DEBBY,33.0,-79.6,40,48.91416536745134,2024-08-08 06:00:00,327290,8.3,Terrestrial,0,9.3,338058000,Charleston,32.79,-79.925,2.12,195.0,6.45,1.56,228.0,4.65,1.24,148.0,6.75,2.6,78.0,45.9,232.0
3,2024-08-08 14:45:40,32.242764,-79.270256,349.0,4.0,345.0,2024-08-08 14:43:20,AL042024,DEBBY,33.0,-79.6,40,48.426130444945436,2024-08-08 06:00:00,327290,6.3,Terrestrial,0,9.3,338058000,Charleston,32.79,-79.925,2.12,195.0,6.45,1.56,228.0,4.65,1.24,148.0,6.75,2.6,78.0,45.9,232.0
3,2024-08-08 16:29:00,32.401775,-79.4095,22.0,339.0,317.0,2024-08-08 16:27:00,AL042024,DEBBY,33.0,-79.6,40,37.184909614827504,2024-08-08 06:00:00,327290,6.9,Terrestrial,0,9.3,338058000,Charleston,32.79,-79.925,2.04,195.0,6.3,1.56,227.0,4.65,1.08,138.0,6.8,2.6,78.0,43.8,224.0
3,2024-08-08 16:31:00,32.404232,-79.406418,64.0,22.0,42.0,2024-08-08 16:29:00,AL042024,DEBBY,33.0,-79.6,40,37.08316592184765,2024-08-08 06:00:00,327290,6.3,Terrestrial,0,9.3,338058000,Charleston,32.79,-79.925,2.06,194.0,6.25,1.58,224.0,4.65,1.1,138.0,6.9,2.6,78.0,45.1,227.0
3,2024-08-08 16:33:35,32.404659,-79.401611,101.0,64.0,37.0,2024-08-08 16:31:00,AL042024,DEBBY,33.0,-79.6,40,37.123265477555265,2024-08-08 06:00:00,327290,5.4,Terrestrial,0,9.3,338058000,Charleston,32.79,-79.925,2.06,194.0,6.25,1.58,224.0,4.65,1.1,138.0,6.9,2.6,78.0,45.1,227.0
3,2024-08-08 16:36:27,32.402859,-79.39772,134.0,101.0,33.0,2024-08-08 16:33:35,AL042024,DEBBY,33.0,-79.6,40,37.28077371962566,2024-08-08 06:00:00,327290,4.4,Terrestrial,0,9.3,338058000,Charleston,32.79,-79.925,2.06,194.0,6.25,1.58,224.0,4.65,1.1,138.0,6.9,2.6,78.0,45.1,227.0
3,2024-08-08 16:41:27,32.398922,-79.39595,225.0,181.0,44.0,2024-08-08 16:40:00,AL042024,DEBBY,33.0,-79.6,40,37.53268051220318,2024-08-08 06:00:00,327290,1.7,Terrestrial,0,9.3,338058000,Charleston,32.79,-79.925,2.06,194.0,6.25,1.58,224.0,4.65,1.1,138.0,6.9,2.6,78.0,45.1,227.0
3,2024-08-08 16:43:27,32.399433,-79.397202,321.0,225.0,96.0,2024-08-08 16:41:27,AL042024,DEBBY,33.0,-79.6,40,37.48583320638065,2024-08-08 06:00:00,327290,3.2,Terrestrial,0,9.3,338058000,Charleston,32.79,-79.925,2.06,194.0,6.25,1.58,224.0,4.65,1.1,138.0,6.9,2.6,78.0,45.1,227.0
3,2024-08-08 19:52:29,32.659565,-79.676163,295.0,331.0,36.0,2024-08-08 19:50:22,AL042024,DEBBY,33.7,-80.0,40,64.55290030616769,2024-08-08 12:00:00,327290,7.2,Terrestrial,0,9.3,338058000,Charleston,32.79,-79.925,1.58,192.0,5.8,1.3,217.0,4.2,0.84,135.0,6.85,1.5,60.0,44.3,207.0
3,2024-08-08 20:58:12,32.787365,-79.915863,334.0,297.0,37.0,2024-08-08 20:50:22,AL042024,DEBBY,33.7,-80.0,40,54.957655069686254,2024-08-08 12:00:00,327290,8.5,Terrestrial,0,9.3,338058000,Charleston,32.79,-79.925,0.86,184.0,5.55,0.48,235.0,2.75,0.54,139.0,6.7,0.6,56.0,21.3,214.0
3,2024-08-08 21:00:51,32.793861,-79.916939,4.0,334.0,330.0,2024-08-08 20:58:12,AL042024,DEBBY,33.7,-80.0,40,54.56462640638344,2024-08-08 12:00:00,327290,9.3,Terrestrial,0,9.3,338058000,Charleston,32.79,-79.925,0.72,187.0,5.35,0.38,253.0,2.45,0.46,139.0,6.7,0.6,56.0,21.3,214.0
3,2024-08-08 21:07:52,32.81057,-79.91568,343.0,4.0,339.0,2024-08-08 21:00:51,AL042024,DEBBY,33.7,-80.0,40,53.56932756062042,2024-08-08 12:00:00,327290,7.6,Terrestrial,0,9.3,338058000,Charleston,32.79,-79.925,0.86,184.0,5.55,0.48,235.0,2.75,0.54,139.0,6.7,0.6,56.0,21.3,214.0
3,2024-08-08 21:18:02,32.830059,-79.929298,2.0,345.0,343.0,2024-08-08 21:16:01,AL042024,DEBBY,33.7,-80.0,40,52.3521144357487,2024-08-08 12:00:00,327290,8.8,Terrestrial,0,9.3,338058000,Charleston,32.79,-79.925,0.72,187.0,5.35,0.38,253.0,2.45,0.46,139.0,6.7,0.6,56.0,12.7,262.0
3,2024-08-08 21:24:12,32.843681,-79.92907,349.0,1.0,348.0,2024-08-08 21:22:12,AL042024,DEBBY,33.7,-80.0,40,51.53692546528678,2024-08-08 12:00:00,327290,7.2,Terrestrial,0,9.3,338058000,Charleston,32.79,-79.925,0.94,182.0,5.65,0.62,229.0,3.1,0.58,139.0,6.8,0.6,56.0,12.7,262.0
3,2024-08-08 21:29:31,32.8521,-79.936432,292.0,327.0,35.0,2024-08-08 21:27:22,AL042024,DEBBY,33.7,-80.0,40,51.00820382233301,2024-08-08 12:00:00,327290,7.7,Terrestrial,0,9.3,338058000,Charleston,32.79,-79.925,0.94,182.0,5.65,0.62,229.0,3.1,0.58,139.0,6.8,0.6,56.0,12.7,262.0
3,2024-08-08 21:50:12,32.883255,-79.96595,4.0,348.0,344.0,2024-08-08 21:43:51,AL042024,DEBBY,33.7,-80.0,40,49.067511304544965,2024-08-08 12:00:00,327290,5.5,Terrestrial,0,9.3,338058000,Charleston,32.79,-79.925,0.94,182.0,5.8,0.62,229.0,2.65,0.58,139.0,6.4,0.8,45.0,11.3,239.0
3,2024-08-08 22:11:32,32.905262,-79.95237,168.0,56.0,112.0,2024-08-08 22:09:32,AL042024,DEBBY,33.7,-80.0,40,47.77625607394576,2024-08-08 12:00:00,327290,1.3,Terrestrial,0,9.3,338058000,Charleston,32.79,-79.925,0.94,182.0,5.8,0.62,229.0,2.65,0.58,139.0,6.4,0.8,45.0,15.6,220.0
3,2024-08-08 22:13:35,32.904541,-79.95295,252.0,168.0,84.0,2024-08-08 22:11:32,AL042024,DEBBY,33.7,-80.0,40,47.81804574482427,2024-08-08 12:00:00,327290,1.6,Terrestrial,0,9.3,338058000,Charleston,32.79,-79.925,0.94,182.0,5.8,0.62,229.0,2.65,0.58,139.0,6.4,0.8,45.0,15.6,220.0
3,2024-08-08 22:15:41,32.904873,-79.953522,1.0,252.0,251.0,2024-08-08 22:13:35,AL042024,DEBBY,33.7,-80.0,40,47.796727243873505,2024-08-08 12:00:00,327290,0.9,Terrestrial,0,9.3,338058000,Charleston,32.79,-79.925,0.94,182.0,5.8,0.62,229.0,2.65,0.58,139.0,6.4,0.8,45.0,15.6,220.0
3,2024-08-08 22:17:41,32.905342,-79.95327,40.0,1.0,39.0,2024-08-08 22:15:41,AL042024,DEBBY,33.7,-80.0,40,47.7692205919774,2024-08-08 12:00:00,327290,0.9,Terrestrial,0,9.3,338058000,Charleston,32.79,-79.925,0.94,182.0,5.8,0.62,229.0,2.65,0.58,139.0,6.4,0.8,45.0,15.6,220.0
3,2024-08-08 22:23:52,32.906586,-79.953094,303.0,15.0,288.0,2024-08-08 22:19:42,AL042024,DEBBY,33.7,-80.0,40,47.695054643605594,2024-08-08 12:00:00,327290,0.5,Terrestrial,0,9.3,338058000,Charleston,32.79,-79.925,0.94,182.0,5.8,0.62,229.0,2.65,0.58,139.0,6.4,0.8,45.0,15.6,220.0
3,2024-08-08 22:44:21,32.90686,-79.953896,107.0,299.0,192.0,2024-08-08 22:41:00,AL042024,DEBBY,33.7,-80.0,40,47.67665368432466,2024-08-08 12:00:00,327290,0.0,Terrestrial,0,9.3,338058000,Charleston,32.79,-79.925,0.94,182.0,5.95,0.62,229.0,2.05,0.58,139.0,5.9,0.8,27.0,12.8,218.0
3,2024-08-08 23:08:58,32.906857,-79.953888,28.0,107.0,79.0,2024-08-08 22:44:21,AL042024,DEBBY,33.7,-80.0,40,47.67685307634628,2024-08-08 12:00:00,327290,0.0,Roaming,0,9.3,338058000,Charleston,32.79,-79.925,0.94,182.0,5.95,0.62,229.0,2.05,0.58,139.0,5.9,0.8,27.0,12.8,218.0
3,2024-08-08 23:31:11,32.90686,-79.953896,80.0,28.0,52.0,2024-08-08 23:08:58,AL042024,DEBBY,33.7,-80.0,40,47.67665368432466,2024-08-08 12:00:00,327290,0.0,Terrestrial,5,9.3,338058000,Charleston,32.79,-79.925,0.94,182.0,5.95,0.62,229.0,2.05,0.58,139.0,5.9,0.8,27.0,12.8,218.0
3,2024-08-08 23:43:00,32.906868,-79.953896,134.0,80.0,54.0,2024-08-08 23:31:11,AL042024,DEBBY,33.7,-80.0,40,47.676173921353744,2024-08-08 12:00:00,327290,0.0,Terrestrial,5,9.3,338058000,,,,0.94,182.0,5.95,0.62,229.0,2.05,0.58,139.0,5.9,0.8,27.0,12.8,218.0
3,2024-08-09 00:16:11,32.906868,-79.953888,305.0,134.0,171.0,2024-08-08 23:43:00,AL042024,DEBBY,34.6,-80.3,40,103.11402307827714,2024-08-08 18:00:00,327290,0.0,Terrestrial,5,9.3,338058000,,,,0.92,166.0,6.05,0.26,235.0,1.65,0.64,165.0,5.55,0.9,11.0,7.3,200.0
3,2024-08-09 00:37:12,32.906868,-79.953896,220.0,305.0,85.0,2024-08-09 00:16:11,AL042024,DEBBY,34.6,-80.3,40,103.11395617378585,2024-08-08 18:00:00,327290,0.0,Terrestrial,5,9.3,338058000,,,,0.92,163.0,6.1,0.26,226.0,1.65,0.7,162.0,5.45,1.1,18.0,7.2,186.0
3,2024-08-09 00:46:00,32.906868,-79.953896,297.0,220.0,77.0,2024-08-09 00:37:12,AL042024,DEBBY,34.6,-80.3,40,103.11395617378585,2024-08-08 18:00:00,327290,0.0,Terrestrial,5,9.3,338058000,,,,0.92,163.0,6.1,0.26,226.0,1.65,0.7,162.0,5.45,1.1,18.0,7.2,186.0
3,2024-08-09 01:22:11,32.906864,-79.953896,239.0,315.0,76.0,2024-08-09 00:58:12,AL042024,DEBBY,34.6,-80.3,40,103.1141930072895,2024-08-08 18:00:00,327290,0.0,Terrestrial,5,9.3,338058000,,,,0.92,163.0,6.1,0.26,226.0,1.65,0.7,162.0,5.45,1.1,18.0,7.2,186.0
3,2024-08-09 01:49:00,32.90686,-79.953888,27.0,239.0,212.0,2024-08-09 01:22:11,AL042024,DEBBY,34.6,-80.3,40,103.11449674499826,2024-08-08 18:00:00,327290,0.0,Roaming,5,9.3,338058000,,,,0.94,161.0,6.1,0.24,218.0,1.9,0.78,160.0,5.5,1.3,34.0,2.8,130.0
3,2024-08-09 02:49:00,32.906868,-79.953896,297.0,29.0,268.0,2024-08-09 02:31:15,AL042024,DEBBY,34.6,-80.3,40,103.11395617378585,2024-08-08 18:00:00,327290,0.0,Terrestrial,5,9.3,338058000,,,,0.94,158.0,6.1,0.24,209.0,2.05,0.84,157.0,5.5,1.4,40.0,7.4,14.0
3,2024-08-09 03:16:14,32.906868,-79.953896,342.0,293.0,49.0,2024-08-09 02:52:13,AL042024,DEBBY,34.6,-80.3,40,103.11395617378585,2024-08-08 18:00:00,327290,0.0,Terrestrial,5,9.3,338058000,,,,0.94,158.0,6.1,0.24,209.0,2.05,0.84,157.0,5.5,1.4,40.0,7.4,14.0
3,2024-08-09 03:37:09,32.906868,-79.953896,302.0,342.0,40.0,2024-08-09 03:16:14,AL042024,DEBBY,34.6,-80.3,40,103.11395617378585,2024-08-08 18:00:00,327290,0.0,Terrestrial,5,9.3,338058000,,,,0.94,157.0,6.1,0.24,204.0,2.05,0.84,158.0,5.35,1.4,50.0,4.6,135.0
3,2024-08-09 03:49:00,32.906864,-79.953903,220.0,302.0,82.0,2024-08-09 03:37:09,AL042024,DEBBY,34.6,-80.3,40,103.11413446722428,2024-08-08 18:00:00,327290,0.0,Terrestrial,5,9.3,338058000,,,,0.94,157.0,6.1,0.24,204.0,2.05,0.84,158.0,5.35,1.4,50.0,4.6,135.0
3,2024-08-09 05:10:13,32.906868,-79.953903,300.0,268.0,32.0,2024-08-09 04:49:12,AL042024,DEBBY,34.6,-80.3,40,103.11389763358883,2024-08-08 18:00:00,327290,0.0,Terrestrial,5,9.3,338058000,,,,0.96,156.0,6.1,0.22,200.0,2.05,0.84,160.0,5.15,1.3,56.0,13.0,199.0
3,2024-08-09 06:46:13,32.906868,-79.953888,316.0,275.0,41.0,2024-08-09 06:25:11,AL042024,DEBBY,35.5,-80.1,30,155.8617319628412,2024-08-09 00:00:00,327290,0.0,Terrestrial,5,9.3,338058000,,,,0.94,155.0,6.1,0.22,198.0,2.0,0.86,158.0,5.05,0.8,63.0,8.7,232.0
3,2024-08-09 07:07:15,32.906872,-79.953896,158.0,332.0,174.0,2024-08-09 06:49:00,AL042024,DEBBY,35.5,-80.1,30,155.86147356941737,2024-08-09 00:00:00,327290,0.0,Terrestrial,5,9.3,338058000,,,,0.94,155.0,6.1,0.22,198.0,2.0,0.86,158.0,5.05,0.8,63.0,8.7,232.0
3,2024-08-09 07:28:14,32.906868,-79.953896,219.0,158.0,61.0,2024-08-09 07:07:15,AL042024,DEBBY,35.5,-80.1,30,155.86171347885121,2024-08-09 00:00:00,327290,0.0,Terrestrial,5,9.3,338058000,,,,0.94,155.0,6.1,0.22,198.0,2.0,0.86,158.0,5.05,0.8,63.0,8.7,232.0
3,2024-08-09 07:49:00,32.906868,-79.953896,250.0,219.0,31.0,2024-08-09 07:28:14,AL042024,DEBBY,35.5,-80.1,30,155.86171347885121,2024-08-09 00:00:00,327290,0.0,Terrestrial,5,9.3,338058000,,,,0.94,154.0,6.05,0.2,201.0,1.95,0.86,156.0,5.2,0.6,56.0,10.2,222.0
3,2024-08-09 08:13:13,32.906857,-79.953896,34.0,250.0,216.0,2024-08-09 07:49:11,AL042024,DEBBY,35.5,-80.1,30,155.86237322979878,2024-08-09 00:00:00,327290,0.0,Terrestrial,5,9.3,338058000,,,,0.94,154.0,6.05,0.2,201.0,1.95,0.86,156.0,5.2,0.6,56.0,10.2,222.0
3,2024-08-09 08:52:00,32.906853,-79.953888,86.0,48.0,38.0,2024-08-09 08:40:13,AL042024,DEBBY,35.5,-80.1,30,155.86263162312244,2024-08-09 00:00:00,327290,0.0,Terrestrial,5,9.3,338058000,,,,0.92,154.0,6.1,0.2,204.0,1.95,0.88,153.0,5.3,0.5,45.0,11.6,206.0
3,2024-08-09 09:01:16,32.906853,-79.95388,307.0,86.0,221.0,2024-08-09 08:52:00,AL042024,DEBBY,35.5,-80.1,30,155.8626501080188,2024-08-09 00:00:00,327290,0.0,Terrestrial,5,9.3,338058000,,,,0.92,154.0,6.1,0.2,204.0,1.95,0.88,153.0,5.3,0.5,45.0,11.6,206.0
3,2024-08-09 09:52:00,32.90686,-79.953888,240.0,307.0,67.0,2024-08-09 09:01:16,AL042024,DEBBY,35.5,-80.1,30,155.8622117816564,2024-08-09 00:00:00,327290,0.0,Terrestrial,5,9.3,338058000,,,,0.94,153.0,6.3,0.2,208.0,1.95,0.92,152.0,5.45,0.6,18.0,13.2,191.0
3,2024-08-09 10:13:13,32.90686,-79.953888,316.0,240.0,76.0,2024-08-09 09:52:09,AL042024,DEBBY,35.5,-80.1,30,155.8622117816564,2024-08-09 00:00:00,327290,0.0,Terrestrial,5,9.3,338058000,,,,0.94,153.0,6.3,0.2,208.0,1.95,0.92,152.0,5.45,0.6,18.0,13.2,191.0
3,2024-08-09 10:34:15,32.906857,-79.953888,177.0,316.0,139.0,2024-08-09 10:13:13,AL042024,DEBBY,35.5,-80.1,30,155.86239171371287,2024-08-09 00:00:00,327290,0.0,Terrestrial,5,9.3,338058000,,,,0.98,152.0,6.55,0.2,211.0,1.95,0.94,150.0,5.65,0.6,18.0,12.8,196.0
23,2024-10-09 23:16:23,53.572941,8.5503216,184.0,248.0,64.0,2024-10-09 23:14:23,AL122024,KIRK,51.0,8.0,30,155.79587110149131,2024-10-10 00:00:00,326608,1.5,Terrestrial,0,9.3,265884000,Southampton,50.89817,-1.420503,0.24,327.0,9.5,0.04,119.0,1.45,0.2,333.0,9.1,0.0,90.0,8.3,51.0
23,2024-10-09 23:46:01,53.569454,8.5498915,135.0,185.0,50.0,2024-10-09 23:24:41,AL122024,KIRK,51.0,8.0,30,155.58633751398207,2024-10-10 00:00:00,326608,0.0,Terrestrial,0,9.3,265884000,Southampton,50.89817,-1.420503,0.24,327.0,9.5,0.04,119.0,1.45,0.2,333.0,9.1,0.0,90.0,8.3,51.0
23,2024-10-10 00:04:01,53.569363,8.5499115,187.0,135.0,52.0,2024-10-09 23:46:01,AL122024,KIRK,51.0,8.0,30,155.5810180694722,2024-10-10 00:00:00,326608,0.6,Terrestrial,0,9.3,265884000,Southampton,50.89817,-1.420503,0.26,333.0,9.85,0.04,58.0,1.45,0.26,333.0,9.2,0.0,90.0,8.3,34.0
23,2024-10-10 00:20:32,53.560822,8.5470715,285.0,168.0,117.0,2024-10-10 00:18:32,AL122024,KIRK,51.0,8.0,30,155.0592839386097,2024-10-10 00:00:00,326608,1.0,Terrestrial,0,9.3,265884000,Southampton,50.89817,-1.420503,0.26,333.0,9.85,0.04,58.0,1.45,0.26,333.0,9.2,0.0,90.0,8.1,32.0
23,2024-10-10 00:22:42,53.561928,8.5457115,328.0,285.0,43.0,2024-10-10 00:20:32,AL122024,KIRK,51.0,8.0,30,155.11863897324073,2024-10-10 00:00:00,326608,3.4,Terrestrial,0,9.3,265884000,Southampton,50.89817,-1.420503,0.26,333.0,9.85,0.04,58.0,1.45,0.26,333.0,9.2,0.0,90.0,8.1,32.0
26,2023-08-31 05:50:45,29.855556,-78.992149,304.0,266.0,38.0,2023-08-31 04:44:00,AL102023,IDALIA,32.7,-80.9,50,196.84102780740733,2023-08-31 00:00:00,4621185,9.4,Satellite,0,8.9,636017767,Brunswick,31.145,-81.493,3.38,233.0,7.05,3.1,241.0,6.2,1.16,179.0,6.7,2.2,132.0,53.3,248.0
26,2023-08-31 13:10:22,30.596533,-80.268501,347.0,309.0,38.0,2023-08-31 13:02:00,AL102023,IDALIA,33.5,-78.9,50,187.71594710258435,2023-08-31 06:00:00,4621185,0.7,Satellite,0,8.9,636017767,Brunswick,31.145,-81.493,1.6,279.0,5.7,1.08,300.0,4.05,0.82,209.0,5.05,2.1,52.0,32.8,289.0
26,2023-08-31 13:18:05,30.597994,-80.266777,71.0,347.0,276.0,2023-08-31 13:10:22,AL102023,IDALIA,33.5,-78.9,50,187.60175770571632,2023-08-31 06:00:00,4621185,1.4,Satellite,0,8.9,636017767,Brunswick,31.145,-81.493,1.6,279.0,5.7,1.08,300.0,4.05,0.82,209.0,5.05,2.1,52.0,32.8,289.0
26,2023-08-31 14:38:48,30.589279,-80.230171,352.0,124.0,228.0,2023-08-31 14:13:19,AL102023,IDALIA,33.5,-78.9,50,187.40839828875292,2023-08-31 06:00:00,4621185,2.7,Terrestrial,0,8.9,636017767,Brunswick,31.145,-81.493,1.46,286.0,5.8,0.56,322.0,3.05,1.06,290.0,4.4,2.0,90.0,30.2,329.0
26,2023-08-31 14:42:51,30.592819,-80.233681,304.0,352.0,48.0,2023-08-31 14:38:48,AL102023,IDALIA,33.5,-78.9,50,187.27438844140084,2023-08-31 06:00:00,4621185,5.5,Terrestrial,0,8.9,636017767,Brunswick,31.145,-81.493,1.46,286.0,5.8,0.56,322.0,3.05,1.06,290.0,4.4,2.0,90.0,30.2,329.0
26,2023-08-31 16:26:31,30.77614,-80.539757,350.0,315.0,35.0,2023-08-31 16:24:01,AL102023,IDALIA,33.5,-78.9,50,183.555980892833,2023-08-31 06:00:00,4621185,4.4,Terrestrial,0,8.9,636017767,Brunswick,31.145,-81.493,1.1,301.0,5.8,0.3,347.0,2.2,0.66,178.0,4.25,1.5,111.0,19.4,349.0
26,2023-08-31 16:30:12,30.779713,-80.5383,42.0,350.0,308.0,2023-08-31 16:26:31,AL102023,IDALIA,33.5,-78.9,50,183.3305013778581,2023-08-31 06:00:00,4621185,3.4,Terrestrial,0,8.9,636017767,Brunswick,31.145,-81.493,1.02,319.0,5.9,0.18,4.0,1.55,0.58,169.0,4.4,1.0,121.0,15.5,355.0
31,2024-10-09 12:11:15,51.29924,3.2393334,199.0,15.0,184.0,2024-10-09 11:56:00,AL122024,KIRK,51.0,8.0,30,180.16524447286682,2024-10-10 00:00:00,5433911,0.1,Terrestrial,5,9.1,636018494,,,,0.86,260.0,5.9,0.42,194.0,2.55,0.66,251.0,4.55,0.3,45.0,16.8,190.0
31,2024-10-09 12:32:15,51.29932,3.2393301,349.0,199.0,150.0,2024-10-09 12:11:15,AL122024,KIRK,51.0,8.0,30,180.1656918774389,2024-10-10 00:00:00,5433911,0.3,Terrestrial,5,9.4,636018494,,,,0.8,267.0,6.05,0.32,206.0,2.35,0.62,251.0,4.35,0.3,45.0,15.5,177.0
31,2024-10-09 12:56:00,51.299286,3.2392967,5.0,349.0,344.0,2024-10-09 12:32:15,AL122024,KIRK,51.0,8.0,30,180.1668052439805,2024-10-10 00:00:00,5433911,0.0,Terrestrial,5,9.4,636018494,,,,0.8,267.0,6.05,0.32,206.0,2.35,0.62,251.0,4.35,0.3,45.0,15.5,177.0
31,2024-10-09 13:11:15,51.299156,3.2394199,326.0,5.0,321.0,2024-10-09 12:56:00,AL122024,KIRK,51.0,8.0,30,180.16166473765585,2024-10-10 00:00:00,5433911,0.5,Terrestrial,5,9.4,636018494,,,,0.8,267.0,6.05,0.32,206.0,2.35,0.62,251.0,4.35,0.3,45.0,15.5,177.0
31,2024-10-09 13:14:15,51.299313,3.2393234,26.0,326.0,300.0,2024-10-09 13:11:15,AL122024,KIRK,51.0,8.0,30,180.16591448806318,2024-10-10 00:00:00,5433911,0.1,Terrestrial,5,9.4,636018494,,,,0.8,267.0,6.05,0.32,206.0,2.35,0.62,251.0,4.35,0.3,45.0,15.5,177.0
31,2024-10-09 13:35:15,51.299294,3.2393184,354.0,26.0,328.0,2024-10-09 13:14:15,AL122024,KIRK,51.0,8.0,30,180.16602485136585,2024-10-10 00:00:00,5433911,0.1,Terrestrial,5,9.4,636018494,,,,0.76,273.0,6.25,0.24,219.0,2.15,0.6,250.0,4.2,0.3,45.0,13.6,175.0
31,2024-10-09 13:56:00,51.299305,3.2393484,31.0,354.0,323.0,2024-10-09 13:35:15,AL122024,KIRK,51.0,8.0,30,180.16494572815512,2024-10-10 00:00:00,5433911,0.1,Terrestrial,5,9.4,636018494,,,,0.76,273.0,6.25,0.24,219.0,2.15,0.6,250.0,4.2,0.3,45.0,13.6,175.0
31,2024-10-09 14:17:15,51.299335,3.2392399,310.0,31.0,279.0,2024-10-09 13:56:15,AL122024,KIRK,51.0,8.0,30,180.16913104185898,2024-10-10 00:00:00,5433911,0.2,Terrestrial,5,9.4,636018494,,,,0.76,273.0,6.25,0.24,219.0,2.15,0.6,250.0,4.2,0.3,45.0,13.6,175.0
31,2024-10-09 14:38:12,51.299622,3.238435,327.0,285.0,42.0,2024-10-09 14:36:12,AL122024,KIRK,51.0,8.0,30,180.20044091309742,2024-10-10 00:00:00,5433911,1.5,Terrestrial,0,9.4,636018494,Brunswick,31.145,-81.493,0.7,280.0,6.45,0.14,231.0,1.8,0.56,250.0,4.25,0.3,45.0,7.5,172.0
31,2024-10-09 14:52:14,51.320705,3.223455,0.0,349.0,349.0,2024-10-09 14:50:14,AL122024,KIRK,51.0,8.0,30,180.8508479069515,2024-10-10 00:00:00,5433911,7.0,Terrestrial,0,9.4,636018494,Brunswick,31.145,-81.493,0.7,280.0,6.45,0.14,231.0,1.8,0.56,250.0,4.25,0.3,45.0,8.7,174.0
31,2024-10-09 14:55:13,51.325981,3.2230368,349.0,0.0,349.0,2024-10-09 14:52:14,AL122024,KIRK,51.0,8.0,30,180.89022551756338,2024-10-10 00:00:00,5433911,6.2,Terrestrial,0,9.4,636018494,Brunswick,31.145,-81.493,0.7,280.0,6.45,0.14,231.0,1.8,0.56,250.0,4.25,0.3,45.0,8.7,174.0
31,2024-10-09 21:23:40,50.917725,1.2408234,226.0,193.0,33.0,2024-10-09 21:19:40,AL122024,KIRK,48.0,2.0,40,177.66652611877188,2024-10-09 18:00:00,5433911,19.0,Terrestrial,0,9.4,636018494,Brunswick,31.145,-81.493,0.66,253.0,6.9,0.28,320.0,2.0,0.32,248.0,7.75,1.8,204.0,29.1,339.0
36,2021-09-12 11:21:54,22.483412,-97.886444,7.0,354.0,347.0,2021-09-12 11:19:20,AL142021,NICHOLAS,21.0,-95.2,35,174.28864839533304,2021-09-12 12:00:00,5013888,3.6,Terrestrial,0,8.2,538007517,Davisville,41.588,-71.404,,,,,,,,,,,,7.9,336.0
36,2021-09-12 11:24:07,22.485258,-97.885284,50.0,7.0,43.0,2021-09-12 11:21:54,AL142021,NICHOLAS,21.0,-95.2,35,174.28889083187028,2021-09-12 12:00:00,5013888,3.3,Terrestrial,0,8.2,538007517,Davisville,41.588,-71.404,,,,,,,,,,,,7.9,336.0
36,2021-09-18 02:41:00,40.415001,-71.349998,354.0,2.0,352.0,2021-09-18 02:32:22,AL152021,ODETTE,37.6,-70.1,40,178.78684523344234,2021-09-18 06:00:00,5013888,10.0,Satellite,0,8.2,538007517,Davisville,41.588,-71.404,,,,,,,,,,,,25.0,43.0
59,2025-07-07 22:45:00,39.255932,-76.535835,256.0,19.0,237.0,2025-07-07 21:45:00,AL032025,CHANTAL,37.3,-77.0,25,119.4549114554826,2025-07-07 12:00:00,3658066,0.5,Terrestrial,0,8.8,431262000,,,,,,,,,,,,,0.2,180.0,6.4,140.0
59,2025-07-07 22:45:00,39.255932,-76.535835,256.0,19.0,237.0,2025-07-07 21:45:00,AL032025,CHANTAL,37.3,-77.0,25,119.4549114554826,2025-07-07 12:00:00,3658066,0.5,Terrestrial,0,8.8,431262000,,,,,,,,,,,,,0.2,180.0,6.4,140.0
59,2025-07-07 22:45:00,39.255932,-76.535835,256.0,19.0,237.0,2025-07-07 21:45:00,AL032025,CHANTAL,37.3,-77.0,25,119.4549114554826,2025-07-07 12:00:00,3658066,0.5,Terrestrial,0,8.8,431262000,,,,,,,,,,,,,0.2,180.0,6.4,140.0
59,2025-07-07 22:45:00,39.255932,-76.535835,256.0,19.0,237.0,2025-07-07 21:45:00,AL032025,CHANTAL,37.3,-77.0,25,119.4549114554826,2025-07-07 12:00:00,3658066,0.5,Terrestrial,0,8.8,431262000,,,,,,,,,,,,,0.2,180.0,6.4,140.0
59,2025-07-07 22:47:00,39.255665,-76.536263,209.0,256.0,47.0,2025-07-07 22:45:00,AL032025,CHANTAL,37.3,-77.0,25,119.43546696310706,2025-07-07 12:00:00,3658066,0.8,Terrestrial,0,8.8,431262000,,,,,,,,,,,,,0.2,180.0,6.4,140.0
59,2025-07-07 23:09:12,39.245419,-76.541245,178.0,234.0,56.0,2025-07-07 23:07:12,AL032025,CHANTAL,37.3,-77.0,25,118.78806076049291,2025-07-07 12:00:00,3658066,2.2,Terrestrial,0,8.8,431262000,,,,,,,,,,,,,0.4,180.0,6.4,140.0
71,2023-08-31 14:47:00,30.660379,-80.62989,8.0,344.0,336.0,2023-08-31 14:41:48,AL102023,IDALIA,33.5,-78.9,50,191.85584220121982,2023-08-31 06:00:00,327369,6.0,Satellite,0,9.2,266283000,Brunswick,31.145,-81.493,1.1,287.0,5.6,0.42,334.0,2.7,0.76,290.0,3.75,1.6,96.0,25.7,338.0
71,2023-08-31 14:47:00,30.660379,-80.62989,8.0,344.0,336.0,2023-08-31 14:41:48,AL102023,IDALIA,33.5,-78.9,50,191.85584220121982,2023-08-31 06:00:00,327369,6.0,Satellite,0,9.2,266283000,Brunswick,31.145,-81.493,1.1,287.0,5.6,0.42,334.0,2.7,0.76,290.0,3.75,1.6,96.0,25.7,338.0
71,2023-08-31 14:47:00,30.660379,-80.62989,8.0,344.0,336.0,2023-08-31 14:41:48,AL102023,IDALIA,33.5,-78.9,50,191.85584220121982,2023-08-31 06:00:00,327369,6.0,Satellite,0,9.2,266283000,Brunswick,31.145,-81.493,1.1,287.0,5.6,0.42,334.0,2.7,0.76,290.0,3.75,1.6,96.0,25.7,338.0
71,2023-08-31 14:47:00,30.660379,-80.62989,8.0,344.0,336.0,2023-08-31 14:41:48,AL102023,IDALIA,33.5,-78.9,50,191.85584220121982,2023-08-31 06:00:00,327369,6.0,Satellite,0,9.2,266283000,Brunswick,31.145,-81.493,1.1,287.0,5.6,0.42,334.0,2.7,0.76,290.0,3.75,1.6,96.0,25.7,338.0
71,2023-08-31 16:08:49,30.781666,-80.610001,34.0,2.0,32.0,2023-08-31 16:04:19,AL102023,IDALIA,33.5,-78.9,50,184.9104061632454,2023-08-31 06:00:00,327369,2.0,Satellite,0,9.2,266283000,Brunswick,31.145,-81.493,1.04,313.0,5.75,0.28,351.0,1.8,0.64,245.0,3.95,1.5,111.0,19.1,356.0
71,2023-08-31 16:20:47,30.785,-80.606667,195.0,38.0,157.0,2023-08-31 16:16:50,AL102023,IDALIA,33.5,-78.9,50,184.65335446694374,2023-08-31 06:00:00,327369,0.0,Satellite,0,9.2,266283000,Brunswick,31.145,-81.493,1.04,313.0,5.75,0.28,351.0,1.8,0.64,245.0,3.95,1.5,111.0,19.1,356.0
71,2023-08-31 17:02:40,30.7792,-80.607498,342.0,176.0,166.0,2023-08-31 16:48:00,AL102023,IDALIA,33.5,-78.9,50,184.98191690252517,2023-08-31 06:00:00,327369,0.6,Terrestrial,0,9.2,266283000,Brunswick,31.145,-81.493,0.96,344.0,5.9,0.14,11.0,0.9,0.54,201.0,4.3,1.2,129.0,15.1,1.0
71,2023-08-31 17:05:49,30.780001,-80.606667,0.0,342.0,342.0,2023-08-31 17:02:40,AL102023,IDALIA,33.5,-78.9,50,184.91945597281043,2023-08-31 06:00:00,327369,0.0,Satellite,0,9.2,266283000,Brunswick,31.145,-81.493,0.96,344.0,5.9,0.14,11.0,0.9,0.54,201.0,4.3,1.2,129.0,15.1,1.0
81,2022-11-11 08:29:02,31.451429,-80.528854,234.0,202.0,32.0,2022-11-11 08:09:00,AL172022,NICOLE,30.1,-84.0,35,196.57249472133023,2022-11-11 00:00:00,4832898,8.6,Satellite,0,8.8,636017870,,,,3.74,128.0,9.0,2.62,160.0,6.3,2.46,90.0,9.25,0.6,342.0,40.3,173.0
81,2022-11-11 12:56:52,31.082087,-80.772041,220.0,181.0,39.0,2022-11-11 12:49:41,AL172022,NICOLE,31.2,-84.6,30,196.8303446628267,2022-11-11 06:00:00,4832898,0.3,Terrestrial,0,8.8,636017870,,,,2.76,127.0,8.25,1.68,180.0,4.8,1.9,89.0,8.95,1.4,0.0,43.7,194.0
81,2022-11-11 12:59:00,31.082546,-80.77169,23.0,220.0,197.0,2022-11-11 12:56:52,AL172022,NICOLE,31.2,-84.6,30,196.84690306747797,2022-11-11 06:00:00,4832898,1.7,Terrestrial,0,8.8,636017870,,,,2.76,127.0,8.25,1.68,180.0,4.8,1.9,89.0,8.95,1.4,0.0,43.7,194.0
81,2022-11-11 13:02:33,31.083611,-80.769768,97.0,23.0,74.0,2022-11-11 12:59:04,AL172022,NICOLE,31.2,-84.6,30,196.94221046668974,2022-11-11 06:00:00,4832898,2.5,Terrestrial,0,8.8,636017870,,,,2.8,129.0,8.2,1.74,179.0,4.85,1.92,91.0,8.95,1.4,0.0,43.7,194.0
81,2022-11-11 13:05:06,31.082134,-80.768684,189.0,97.0,92.0,2022-11-11 13:02:33,AL172022,NICOLE,31.2,-84.6,30,197.00256820685854,2022-11-11 06:00:00,4832898,3.1,Terrestrial,0,8.8,636017870,,,,2.76,127.0,8.25,1.68,180.0,4.8,1.9,89.0,8.95,1.4,0.0,43.7,194.0
81,2022-11-11 13:07:53,31.080151,-80.772507,255.0,189.0,66.0,2022-11-11 13:05:06,AL172022,NICOLE,31.2,-84.6,30,196.81263684434398,2022-11-11 06:00:00,4832898,6.8,Terrestrial,0,8.8,636017870,,,,2.76,127.0,8.25,1.68,180.0,4.8,1.9,89.0,8.95,1.4,0.0,43.7,194.0
81,2022-11-11 13:33:02,31.067579,-80.851105,222.0,260.0,38.0,2022-11-11 13:30:13,AL172022,NICOLE,31.2,-84.6,30,192.81931145898284,2022-11-11 06:00:00,4832898,3.1,Terrestrial,0,8.8,636017870,,,,2.54,129.0,8.05,1.54,183.0,4.6,1.76,90.0,8.85,1.3,16.0,41.3,198.0
81,2022-11-11 13:38:42,31.066286,-80.852722,313.0,213.0,100.0,2022-11-11 13:36:02,AL172022,NICOLE,31.2,-84.6,30,192.7408206147666,2022-11-11 06:00:00,4832898,0.4,Terrestrial,0,8.8,636017870,,,,2.54,129.0,8.05,1.54,183.0,4.6,1.76,90.0,8.85,1.3,16.0,41.3,198.0
81,2022-11-11 13:41:12,31.067038,-80.85247,19.0,313.0,294.0,2022-11-11 13:38:42,AL172022,NICOLE,31.2,-84.6,30,192.75112131914761,2022-11-11 06:00:00,4832898,1.9,Terrestrial,0,8.8,636017870,,,,2.54,129.0,8.05,1.54,183.0,4.6,1.76,90.0,8.85,1.3,16.0,41.3,198.0
81,2022-11-11 13:50:32,31.072533,-80.85244,348.0,3.0,345.0,2022-11-11 13:45:04,AL172022,NICOLE,31.2,-84.6,30,192.73371096273257,2022-11-11 06:00:00,4832898,2.2,Terrestrial,0,8.8,636017870,,,,2.54,129.0,8.05,1.54,183.0,4.6,1.76,90.0,8.85,1.3,16.0,42.2,197.0
81,2022-11-11 14:45:02,31.102167,-80.871765,34.0,350.0,316.0,2022-11-11 14:42:02,AL172022,NICOLE,31.2,-84.6,30,191.64883962540065,2022-11-11 06:00:00,4832898,2.1,Terrestrial,0,8.8,636017870,,,,2.5,132.0,7.9,1.52,185.0,4.55,1.68,90.0,8.8,1.5,36.0,43.5,204.0
81,2022-11-11 14:49:12,31.10334,-80.868904,98.0,34.0,64.0,2022-11-11 14:45:02,AL172022,NICOLE,31.2,-84.6,30,191.79242773177018,2022-11-11 06:00:00,4832898,3.3,Terrestrial,0,8.8,636017870,,,,2.5,132.0,7.9,1.52,185.0,4.55,1.68,90.0,8.8,1.5,36.0,43.5,204.0
81,2022-11-11 14:52:33,31.101013,-80.865623,148.0,98.0,50.0,2022-11-11 14:49:12,AL172022,NICOLE,31.2,-84.6,30,191.96754028831847,2022-11-11 06:00:00,4832898,4.8,Terrestrial,0,8.8,636017870,,,,2.5,132.0,7.9,1.52,185.0,4.55,1.68,90.0,8.8,1.5,36.0,43.5,204.0
81,2022-11-11 15:09:13,31.077272,-80.855431,244.0,180.0,64.0,2022-11-11 15:07:02,AL172022,NICOLE,31.2,-84.6,30,192.56424699037976,2022-11-11 06:00:00,4832898,1.9,Terrestrial,0,8.8,636017870,,,,2.46,130.0,7.95,1.46,186.0,4.5,1.7,91.0,8.75,1.4,40.0,42.2,204.0
81,2022-11-11 15:13:13,31.077299,-80.85743,297.0,264.0,33.0,2022-11-11 15:11:13,AL172022,NICOLE,31.2,-84.6,30,192.46151947464537,2022-11-11 06:00:00,4832898,1.2,Terrestrial,0,8.8,636017870,,,,2.46,130.0,7.95,1.46,186.0,4.5,1.7,91.0,8.75,1.4,40.0,42.2,204.0
81,2022-11-11 15:17:13,31.078581,-80.858429,338.0,297.0,41.0,2022-11-11 15:13:13,AL172022,NICOLE,31.2,-84.6,30,192.40599698510405,2022-11-11 06:00:00,4832898,1.7,Terrestrial,0,8.8,636017870,,,,2.46,130.0,7.95,1.46,186.0,4.5,1.7,91.0,8.75,1.4,40.0,42.2,204.0
81,2022-11-11 15:35:13,31.086813,-80.863792,257.0,311.0,54.0,2022-11-11 15:31:53,AL172022,NICOLE,31.2,-84.6,30,192.1041939671576,2022-11-11 06:00:00,4832898,3.6,Terrestrial,0,8.8,636017870,,,,2.4,133.0,7.8,1.44,188.0,4.45,1.62,91.0,8.7,1.4,50.0,40.3,203.0
81,2022-11-11 20:04:50,31.13092,-81.519356,93.0,305.0,212.0,2022-11-11 20:00:36,AL172022,NICOLE,33.2,-84.6,25,199.85159335765917,2022-11-11 12:00:00,4832898,1.9,Terrestrial,0,8.8,636017870,,,,0.76,152.0,6.25,0.44,212.0,2.55,0.48,113.0,7.4,0.5,45.0,19.4,220.0
81,2022-11-11 20:06:51,31.12999,-81.517929,139.0,93.0,46.0,2022-11-11 20:05:00,AL172022,NICOLE,33.2,-84.6,25,199.94371617898074,2022-11-11 12:00:00,4832898,2.9,Terrestrial,0,8.8,636017870,,,,0.76,152.0,6.25,0.44,212.0,2.55,0.48,113.0,7.4,0.5,45.0,19.4,220.0
86,2021-10-26 07:42:50,36.949528,-75.997253,116.0,196.0,80.0,2021-10-26 07:36:09,AL212021,WANDA,34.2,-74.1,45,189.29383251539934,2021-10-26 00:00:00,6607317,8.8,Terrestrial,0,8.7,372424000,Charleston,32.79,-79.925,1.12,123.0,7.05,0.22,210.0,1.8,1.06,122.0,6.2,,,27.4,247.0
106,2023-09-23 06:21:09,39.256004,-76.535599,218.0,133.0,85.0,2023-09-23 05:54:00,AL162023,OPHELIA,36.3,-77.5,40,183.28203226682098,2023-09-23 18:00:00,4644679,0.0,Terrestrial,5,9.2,353013000,,,,,,,,,,,,,0.4,180.0,36.9,45.0
106,2023-09-23 07:24:09,39.256001,-76.535576,105.0,218.0,113.0,2023-09-23 06:54:00,AL162023,OPHELIA,36.3,-77.5,40,183.2821304599463,2023-09-23 18:00:00,4644679,0.1,Terrestrial,5,9.2,353013000,,,,,,,,,,,,,0.4,207.0,36.8,40.0
106,2023-09-23 07:45:09,39.256004,-76.535583,27.0,105.0,78.0,2023-09-23 07:24:09,AL162023,OPHELIA,36.3,-77.5,40,183.28222174297488,2023-09-23 18:00:00,4644679,0.1,Terrestrial,5,9.2,353013000,,,,,,,,,,,,,0.4,207.0,37.4,36.0
106,2023-09-23 08:30:09,39.256008,-76.535576,224.0,15.0,209.0,2023-09-23 08:06:09,AL162023,OPHELIA,36.3,-77.5,40,183.28253687943405,2023-09-23 18:00:00,4644679,0.0,Terrestrial,5,9.2,353013000,,,,,,,,,,,,,0.4,207.0,36.4,32.0
106,2023-09-23 10:00:00,39.256001,-76.535576,340.0,199.0,141.0,2023-09-23 08:54:00,AL162023,OPHELIA,36.3,-77.5,40,183.2821304599463,2023-09-23 18:00:00,4644679,0.0,Terrestrial,5,9.2,353013000,,,,,,,,,,,,,0.4,207.0,37.6,32.0
106,2023-09-23 11:24:09,39.255997,-76.535568,274.0,349.0,75.0,2023-09-23 11:00:00,AL162023,OPHELIA,36.3,-77.5,40,183.28199296031391,2023-09-23 18:00:00,4644679,0.0,Roaming,5,9.2,353013000,,,,,,,,,,,,,0.3,225.0,40.0,36.0
106,2023-09-23 11:45:09,39.255997,-76.535576,306.0,274.0,32.0,2023-09-23 11:24:09,AL162023,OPHELIA,36.3,-77.5,40,183.28189822026752,2023-09-23 18:00:00,4644679,0.0,Roaming,5,9.2,353013000,,,,,,,,,,,,,0.3,225.0,30.3,25.0
106,2023-09-23 14:00:00,39.255993,-76.535576,202.0,306.0,104.0,2023-09-23 13:00:00,AL162023,OPHELIA,36.3,-77.5,40,183.28166598060878,2023-09-23 18:00:00,4644679,0.0,Roaming,5,9.2,353013000,,,,,,,,,,,,,0.2,270.0,41.4,37.0
106,2023-09-23 17:51:09,39.256001,-76.535561,86.0,180.0,94.0,2023-09-23 17:30:09,AL162023,OPHELIA,36.3,-77.5,40,183.28230809790264,2023-09-23 18:00:00,4644679,0.1,Terrestrial,5,9.2,353013000,,,,,,,,,,,,,0.2,270.0,42.8,42.0
106,2023-09-23 18:00:00,39.256012,-76.535576,128.0,86.0,42.0,2023-09-23 17:51:09,AL162023,OPHELIA,36.3,-77.5,40,183.28276911916893,2023-09-23 18:00:00,4644679,0.0,Terrestrial,5,9.2,353013000,,,,,,,,,,,,,0.2,270.0,42.8,42.0
106,2023-09-23 18:36:09,39.255985,-76.535576,335.0,99.0,236.0,2023-09-23 18:12:09,AL162023,OPHELIA,36.3,-77.5,40,183.28120150135325,2023-09-23 18:00:00,4644679,0.0,Roaming,5,9.2,353013000,,,,,,,,,,,,,0.2,0.0,46.8,46.0
106,2023-09-23 18:57:09,39.256004,-76.535568,35.0,335.0,300.0,2023-09-23 18:36:09,AL162023,OPHELIA,36.3,-77.5,40,183.28239937954586,2023-09-23 18:00:00,4644679,0.1,Terrestrial,5,9.2,353013000,,,,,,,,,,,,,0.2,0.0,46.8,46.0
106,2023-09-23 20:00:00,39.255985,-76.535576,73.0,27.0,46.0,2023-09-23 19:00:00,AL162023,OPHELIA,36.3,-77.5,40,183.28120150135325,2023-09-23 18:00:00,4644679,0.0,Terrestrial,5,9.2,353013000,,,,,,,,,,,,,0.2,0.0,44.8,48.0
106,2023-09-23 20:42:09,39.256001,-76.535576,331.0,73.0,258.0,2023-09-23 20:00:09,AL162023,OPHELIA,36.3,-77.5,40,183.2821304599463,2023-09-23 18:00:00,4644679,0.0,Terrestrial,5,9.2,353013000,,,,,,,,,,,,,0.2,270.0,49.6,46.0
106,2023-09-23 22:36:09,39.255993,-76.535583,235.0,293.0,58.0,2023-09-23 22:12:09,AL162023,OPHELIA,36.3,-77.5,40,183.28158308356322,2023-09-23 18:00:00,4644679,0.0,Terrestrial,5,9.2,353013000,,,,,,,,,,,,,0.0,90.0,48.5,49.0
106,2023-09-23 23:45:09,39.256004,-76.535599,301.0,232.0,69.0,2023-09-23 23:03:00,AL162023,OPHELIA,36.3,-77.5,40,183.28203226682098,2023-09-23 18:00:00,4644679,0.0,Terrestrial,5,9.2,353013000,,,,,,,,,,,,,0.0,90.0,48.5,49.0
106,2023-09-24 01:30:09,39.255989,-76.535591,184.0,258.0,74.0,2023-09-24 01:09:09,AL162023,OPHELIA,36.3,-77.5,40,183.2812561049003,2023-09-23 18:00:00,4644679,0.0,Terrestrial,5,9.2,353013000,,,,,,,,,,,,,0.2,0.0,43.2,51.0
106,2023-09-24 01:51:09,39.256001,-76.535583,139.0,184.0,45.0,2023-09-24 01:30:09,AL162023,OPHELIA,36.3,-77.5,40,183.28204756312007,2023-09-23 18:00:00,4644679,0.0,Terrestrial,5,9.2,353013000,,,,,,,,,,,,,0.2,0.0,43.2,51.0
106,2023-09-24 02:03:00,39.256012,-76.535591,284.0,139.0,145.0,2023-09-24 01:51:09,AL162023,OPHELIA,36.3,-77.5,40,183.28259148444974,2023-09-23 18:00:00,4644679,0.0,Terrestrial,5,9.2,353013000,,,,,,,,,,,,,0.2,0.0,43.2,51.0
106,2023-09-24 02:33:09,39.256001,-76.535576,145.0,271.0,126.0,2023-09-24 02:12:09,AL162023,OPHELIA,36.3,-77.5,40,183.2821304599463,2023-09-23 18:00:00,4644679,0.0,Terrestrial,5,9.2,353013000,,,,,,,,,,,,,0.2,0.0,44.9,56.0
106,2023-09-24 03:57:09,39.255962,-76.535599,160.0,126.0,34.0,2023-09-24 03:15:09,AL162023,OPHELIA,36.3,-77.5,40,183.27959374726504,2023-09-23 18:00:00,4644679,0.0,Terrestrial,5,9.2,353013000,,,,,,,,,,,,,0.2,0.0,41.1,55.0
106,2023-09-24 04:54:08,39.255741,-76.536049,204.0,160.0,44.0,2023-09-24 04:06:00,AL162023,OPHELIA,36.3,-77.5,40,183.26143425358873,2023-09-23 18:00:00,4644679,0.9,Terrestrial,0,9.2,353013000,,,,,,,,,,,,,0.2,0.0,39.6,53.0
106,2023-09-24 05:14:24,39.246414,-76.540649,160.0,236.0,76.0,2023-09-24 05:11:37,AL162023,OPHELIA,36.3,-77.5,40,182.6654495963704,2023-09-23 18:00:00,4644679,2.8,Terrestrial,0,9.2,353013000,,,,,,,,,,,,,0.4,0.0,39.6,53.0
106,2023-09-24 05:26:08,39.234245,-76.545547,166.0,198.0,32.0,2023-09-24 05:23:28,AL162023,OPHELIA,36.3,-77.5,40,181.90092258121032,2023-09-23 18:00:00,4644679,4.7,Terrestrial,0,9.2,353013000,,,,,,,,,,,,,0.4,0.0,39.6,53.0
106,2023-09-24 12:11:58,37.556087,-76.039581,174.0,139.0,35.0,2023-09-24 12:05:00,AL162023,OPHELIA,37.2,-77.6,25,77.45700173640179,2023-09-24 06:00:00,4644679,16.4,Terrestrial,0,9.2,353013000,,,,0.86,186.0,3.75,0.84,190.0,3.35,0.14,131.0,4.4,0.4,0.0,41.3,200.0
106,2023-09-24 12:41:46,37.423512,-76.088066,170.0,206.0,36.0,2023-09-24 12:25:10,AL162023,OPHELIA,37.2,-77.6,25,73.4352764048044,2023-09-24 06:00:00,4644679,17.6,Terrestrial,0,9.2,353013000,,,,0.76,190.0,3.6,0.72,196.0,3.1,0.16,140.0,3.95,0.7,166.0,35.6,210.0
106,2023-09-24 14:37:24,36.943592,-75.990814,115.0,178.0,63.0,2023-09-24 14:30:30,AL162023,OPHELIA,37.2,-77.6,25,78.60936885483987,2023-09-24 06:00:00,4644679,9.6,Terrestrial,0,9.2,353013000,,,,1.1,139.0,6.4,0.62,218.0,2.9,0.66,112.0,6.95,0.6,124.0,30.2,231.0
106,2023-09-24 21:09:00,35.221134,-75.198853,210.0,179.0,31.0,2023-09-24 20:03:00,AL162023,OPHELIA,37.9,-77.4,20,192.69695236352896,2023-09-24 12:00:00,4644679,17.0,Terrestrial,0,9.2,353013000,,,,1.42,133.0,7.1,0.26,230.0,2.15,1.14,99.0,6.8,2.8,40.0,22.9,248.0
172,2024-10-11 05:13:21,31.066601,-80.843216,254.0,220.0,34.0,2024-10-11 04:39:00,AL142024,MILTON,29.5,-77.5,60,197.1980413691257,2024-10-10 18:00:00,4833200,13.8,Terrestrial,0,8.5,356874000,Brunswick,31.145,-81.493,2.96,61.0,8.85,1.94,36.0,5.45,2.26,78.0,9.05,1.3,225.0,45.6,27.0
232,2024-10-09 22:40:38,53.87952,7.7531519,148.0,110.0,38.0,2024-10-09 22:32:29,AL122024,KIRK,51.0,8.0,30,173.12331262420648,2024-10-10 00:00:00,314900,5.4,Terrestrial,0,8.6,259895000,Bremerhaven,53.55,8.58,0.54,322.0,9.3,0.12,110.0,0.55,0.42,335.0,9.3,2.3,86.0,11.3,73.0
232,2024-10-09 22:46:38,53.868118,7.751595,221.0,190.0,31.0,2024-10-09 22:44:38,AL122024,KIRK,51.0,8.0,30,172.44272221761005,2024-10-10 00:00:00,314900,7.6,Terrestrial,0,8.6,259895000,Bremerhaven,53.55,8.58,0.54,322.0,9.3,0.12,110.0,0.55,0.42,335.0,9.3,2.3,86.0,11.3,73.0
232,2024-10-09 23:33:39,53.870899,7.6674399,333.0,281.0,52.0,2024-10-09 23:31:39,AL122024,KIRK,51.0,8.0,30,172.79885620181224,2024-10-10 00:00:00,314900,2.0,Terrestrial,0,8.6,259895000,Bremerhaven,53.55,8.58,0.58,322.0,9.4,0.1,110.0,0.5,0.46,335.0,9.35,2.2,81.0,8.5,66.0
232,2024-10-09 23:37:39,53.874489,7.6668301,5.0,357.0,352.0,2024-10-09 23:35:39,AL122024,KIRK,51.0,8.0,30,173.0154008144556,2024-10-10 00:00:00,314900,4.7,Terrestrial,0,8.6,259895000,Bremerhaven,53.55,8.58,0.58,322.0,9.4,0.1,110.0,0.5,0.46,335.0,9.35,2.2,81.0,8.5,66.0
232,2024-10-09 23:44:38,53.889473,7.6772718,51.0,15.0,36.0,2024-10-09 23:41:39,AL122024,KIRK,51.0,8.0,30,173.8863343257055,2024-10-10 00:00:00,314900,11.4,Terrestrial,0,8.6,259895000,Bremerhaven,53.55,8.58,0.58,322.0,9.4,0.1,110.0,0.5,0.46,335.0,9.35,2.2,81.0,8.5,66.0
232,2024-10-09 23:46:38,53.891312,7.6875234,92.0,51.0,41.0,2024-10-09 23:44:38,AL122024,KIRK,51.0,8.0,30,173.97144692866962,2024-10-10 00:00:00,314900,11.7,Terrestrial,0,8.6,259895000,Bremerhaven,53.55,8.58,0.58,322.0,9.4,0.1,110.0,0.5,0.46,335.0,9.35,2.2,81.0,8.5,66.0
232,2024-10-10 02:46:30,53.562313,8.5476332,359.0,154.0,205.0,2024-10-10 02:44:30,AL122024,KIRK,51.0,8.0,30,155.1506761629103,2024-10-10 00:00:00,314900,1.2,Terrestrial,0,8.6,259895000,Bremerhaven,53.55,8.58,0.32,332.0,9.6,0.08,7.0,1.45,0.28,332.0,8.95,0.2,180.0,14.5,349.0
232,2024-10-10 02:48:40,53.563087,8.5480652,26.0,359.0,333.0,2024-10-10 02:46:30,AL122024,KIRK,51.0,8.0,30,155.1987876046423,2024-10-10 00:00:00,314900,1.5,Terrestrial,0,8.6,259895000,Bremerhaven,53.55,8.58,0.32,332.0,9.6,0.08,7.0,1.45,0.28,332.0,8.95,0.2,180.0,14.5,349.0
232,2024-10-10 03:07:00,53.569473,8.5498867,331.0,6.0,325.0,2024-10-10 03:02:41,AL122024,KIRK,51.0,8.0,30,155.58744519606873,2024-10-10 00:00:00,314900,0.0,Terrestrial,0,8.6,259895000,Bremerhaven,53.55,8.58,0.32,332.0,9.6,0.08,7.0,1.45,0.28,332.0,8.95,0.2,180.0,14.5,354.0
232,2024-10-10 03:36:40,53.569534,8.549902,6.0,331.0,325.0,2024-10-10 03:26:01,AL122024,KIRK,51.0,8.0,30,155.59114771197775,2024-10-10 00:00:00,314900,0.6,Terrestrial,0,8.6,259895000,Bremerhaven,53.55,8.58,0.36,332.0,8.85,0.12,352.0,1.55,0.3,332.0,8.85,0.0,90.0,15.8,337.0
232,2024-10-10 03:50:01,53.576508,8.550642,354.0,4.0,350.0,2024-10-10 03:38:40,AL122024,KIRK,51.0,8.0,30,156.00964401011197,2024-10-10 00:00:00,314900,0.7,Terrestrial,0,8.6,259895000,Bremerhaven,53.55,8.58,0.36,332.0,8.85,0.12,352.0,1.55,0.3,332.0,8.85,0.0,90.0,15.8,337.0
232,2024-10-10 04:11:00,53.576988,8.5506897,6.0,354.0,348.0,2024-10-10 03:50:01,AL122024,KIRK,51.0,8.0,30,156.03843269150914,2024-10-10 00:00:00,314900,0.0,Terrestrial,5,8.6,259895000,Bremerhaven,53.55,8.58,0.36,332.0,8.85,0.12,352.0,1.55,0.3,332.0,8.85,0.0,90.0,15.8,337.0
277,2024-10-10 02:46:30,53.562313,8.5476332,359.0,154.0,205.0,2024-10-10 02:44:30,AL122024,KIRK,51.0,8.0,30,155.1506761629103,2024-10-10 00:00:00,314900,1.2,Terrestrial,0,8.6,259895000,Bremerhaven,53.55,8.58,0.32,332.0,9.6,0.08,7.0,1.45,0.28,332.0,8.95,0.2,180.0,14.5,349.0
277,2024-10-10 02:48:40,53.563087,8.5480652,26.0,359.0,333.0,2024-10-10 02:46:30,AL122024,KIRK,51.0,8.0,30,155.1987876046423,2024-10-10 00:00:00,314900,1.5,Terrestrial,0,8.6,259895000,Bremerhaven,53.55,8.58,0.32,332.0,9.6,0.08,7.0,1.45,0.28,332.0,8.95,0.2,180.0,14.5,349.0
277,2024-10-10 03:07:00,53.569473,8.5498867,331.0,6.0,325.0,2024-10-10 03:02:41,AL122024,KIRK,51.0,8.0,30,155.58744519606873,2024-10-10 00:00:00,314900,0.0,Terrestrial,0,8.6,259895000,Bremerhaven,53.55,8.58,0.32,332.0,9.6,0.08,7.0,1.45,0.28,332.0,8.95,0.2,180.0,14.5,354.0
277,2024-10-10 03:36:40,53.569534,8.549902,6.0,331.0,325.0,2024-10-10 03:26:01,AL122024,KIRK,51.0,8.0,30,155.59114771197775,2024-10-10 00:00:00,314900,0.6,Terrestrial,0,8.6,259895000,Bremerhaven,53.55,8.58,0.36,332.0,8.85,0.12,352.0,1.55,0.3,332.0,8.85,0.0,90.0,15.8,337.0
277,2024-10-10 03:50:01,53.576508,8.550642,354.0,4.0,350.0,2024-10-10 03:38:40,AL122024,KIRK,51.0,8.0,30,156.00964401011197,2024-10-10 00:00:00,314900,0.7,Terrestrial,0,8.6,259895000,Bremerhaven,53.55,8.58,0.36,332.0,8.85,0.12,352.0,1.55,0.3,332.0,8.85,0.0,90.0,15.8,337.0
277,2024-10-10 04:11:00,53.576988,8.5506897,6.0,354.0,348.0,2024-10-10 03:50:01,AL122024,KIRK,51.0,8.0,30,156.03843269150914,2024-10-10 00:00:00,314900,0.0,Terrestrial,5,8.6,259895000,Bremerhaven,53.55,8.58,0.36,332.0,8.85,0.12,352.0,1.55,0.3,332.0,8.85,0.0,90.0,15.8,337.0
327,2023-09-05 08:04:51,44.511879,-63.494659,288.0,350.0,62.0,2023-09-05 08:02:48,AL102023,IDALIA,42.6,-59.8,40,197.50282843349933,2023-09-05 18:00:00,307446,7.7,Roaming,0,9.5,257565000,Halifax,44.648,-63.57,2.1,114.0,9.9,0.5,8.0,2.6,1.92,116.0,9.05,1.2,219.0,23.2,353.0
327,2023-09-05 20:18:02,44.675873,-63.60928,347.0,134.0,213.0,2023-09-05 20:03:00,AL102023,IDALIA,42.6,-60.5,35,183.78795815161794,2023-09-06 00:00:00,307446,0.7,Terrestrial,0,9.5,257565000,Halifax,44.648,-63.57,,,,,,,,,,0.5,270.0,24.9,5.0
327,2023-09-05 20:22:22,44.676376,-63.608582,99.0,347.0,248.0,2023-09-05 20:18:02,AL102023,IDALIA,42.6,-60.5,35,183.78573674031927,2023-09-06 00:00:00,307446,2.2,Terrestrial,0,9.5,257565000,Halifax,44.648,-63.57,,,,,,,,,,0.5,270.0,24.9,5.0
327,2023-09-05 21:18:06,44.620914,-63.5144,157.0,98.0,59.0,2023-09-05 21:16:02,AL102023,IDALIA,42.6,-60.5,35,178.56681718738528,2023-09-06 00:00:00,307446,1.2,Terrestrial,0,9.5,257565000,Halifax,44.648,-63.57,1.9,89.0,8.45,0.72,7.0,3.15,1.56,92.0,7.55,0.3,225.0,26.3,360.0
327,2023-09-05 21:22:13,44.620441,-63.512741,105.0,157.0,52.0,2023-09-05 21:18:06,AL102023,IDALIA,42.6,-60.5,35,178.49501507485223,2023-09-06 00:00:00,307446,0.8,Roaming,0,9.5,257565000,Halifax,44.648,-63.57,1.9,89.0,8.45,0.72,7.0,3.15,1.56,92.0,7.55,0.3,225.0,26.3,360.0
327,2023-09-05 21:45:44,44.620655,-63.512306,313.0,82.0,231.0,2023-09-05 21:24:33,AL102023,IDALIA,42.6,-60.5,35,178.4897066376665,2023-09-06 00:00:00,307446,0.0,Roaming,5,9.5,257565000,Halifax,44.648,-63.57,1.9,89.0,8.4,0.72,7.0,3.1,1.56,92.0,7.45,0.5,225.0,24.9,2.0
327,2023-09-06 15:58:45,44.620392,-63.512592,229.0,313.0,84.0,2023-09-06 15:13:00,AL102023,IDALIA,42.6,-61.4,35,152.13705073709104,2023-09-06 06:00:00,307446,0.8,Terrestrial,0,9.2,257565000,New York - Port Newark,40.684,-74.155,1.98,91.0,7.1,1.12,55.0,4.0,1.34,109.0,7.5,1.6,276.0,22.3,51.0
327,2023-09-06 16:01:15,44.62072,-63.514019,298.0,229.0,69.0,2023-09-06 15:58:45,AL102023,IDALIA,42.6,-61.4,35,152.1900323393442,2023-09-06 06:00:00,307446,2.4,Roaming,0,9.2,257565000,New York - Port Newark,40.684,-74.155,1.98,91.0,7.1,1.12,55.0,4.0,1.34,109.0,7.5,1.6,276.0,22.3,51.0
327,2023-09-06 16:16:36,44.630661,-63.549198,232.0,264.0,32.0,2023-09-06 16:14:32,AL102023,IDALIA,42.6,-61.4,35,153.58646383862907,2023-09-06 06:00:00,307446,7.7,Roaming,0,9.2,257565000,New York - Port Newark,40.684,-74.155,1.98,91.0,7.1,1.12,55.0,4.0,1.34,109.0,7.5,1.6,276.0,22.3,51.0
327,2023-09-06 16:18:39,44.627285,-63.551922,188.0,232.0,44.0,2023-09-06 16:16:36,AL102023,IDALIA,42.6,-61.4,35,153.4993363421215,2023-09-06 06:00:00,307446,6.3,Roaming,0,9.2,257565000,New York - Port Newark,40.684,-74.155,1.98,91.0,7.1,1.12,55.0,4.0,1.34,109.0,7.5,1.6,276.0,22.3,51.0
327,2023-09-06 16:48:49,44.532242,-63.52018,193.0,147.0,46.0,2023-09-06 16:44:37,AL102023,IDALIA,42.6,-61.4,35,148.19939841871295,2023-09-06 06:00:00,307446,10.3,Terrestrial,0,9.2,257565000,New York - Port Newark,40.684,-74.155,2.4,85.0,7.05,1.64,59.0,4.85,1.6,108.0,7.3,1.8,264.0,27.6,59.0
327,2023-09-06 16:53:06,44.521091,-63.522415,161.0,193.0,32.0,2023-09-06 16:48:49,AL102023,IDALIA,42.6,-61.4,35,147.74206303870932,2023-09-06 06:00:00,307446,9.5,Terrestrial,0,9.2,257565000,New York - Port Newark,40.684,-74.155,2.4,85.0,7.05,1.64,59.0,4.85,1.6,108.0,7.3,1.8,264.0,27.6,59.0
338,2023-09-25 01:14:17,36.987122,-75.6026,26.0,260.0,234.0,2023-09-25 01:07:00,AL162023,OPHELIA,38.9,-76.9,20,130.2428262559217,2023-09-24 18:00:00,464946,6.4,Roaming,0,8.5,373398000,Brunswick,31.145,-81.493,0.96,111.0,7.45,0.06,299.0,0.95,0.68,128.0,6.1,1.2,117.0,7.7,319.0
338,2023-09-25 01:19:27,36.985546,-75.613533,263.0,26.0,237.0,2023-09-25 01:14:17,AL162023,OPHELIA,38.9,-76.9,20,130.08344065124544,2023-09-24 18:00:00,464946,6.4,Terrestrial,0,8.5,373398000,Brunswick,31.145,-81.493,0.96,111.0,7.45,0.06,299.0,0.95,0.68,128.0,6.1,1.2,117.0,7.7,319.0
338,2023-09-25 04:53:34,37.192341,-76.152901,18.0,350.0,332.0,2023-09-25 04:44:34,AL162023,OPHELIA,38.9,-76.9,20,108.44214479484594,2023-09-24 18:00:00,464946,16.7,Terrestrial,0,8.7,373398000,Brunswick,31.145,-81.493,0.22,123.0,6.85,0.02,243.0,0.45,0.22,121.0,5.85,2.2,185.0,14.3,236.0
338,2023-09-25 05:40:58,37.406845,-76.08107,346.0,1.0,345.0,2023-09-25 05:36:28,AL162023,OPHELIA,38.9,-76.9,20,97.63073332166684,2023-09-24 18:00:00,464946,16.8,Terrestrial,0,8.7,373398000,Brunswick,31.145,-81.493,0.18,125.0,5.8,0.04,268.0,0.8,0.14,130.0,5.15,2.3,184.0,20.1,297.0
338,2023-09-25 05:47:58,37.438068,-76.082779,32.0,346.0,314.0,2023-09-25 05:40:58,AL162023,OPHELIA,38.9,-76.9,20,95.87644397213624,2023-09-24 18:00:00,464946,16.7,Terrestrial,0,8.7,373398000,Brunswick,31.145,-81.493,0.2,130.0,4.4,0.12,290.0,1.5,0.14,121.0,5.2,2.3,176.0,20.1,297.0
346,2024-08-09 18:27:57,40.666943,-74.07032,158.0,312.0,154.0,2024-08-09 18:15:00,AL042024,DEBBY,42.8,-76.5,30,168.06965737127163,2024-08-09 18:00:00,458972,0.6,Terrestrial,0,8.8,370567000,,,,1.06,158.0,4.55,1.04,161.0,3.85,0.12,127.0,7.9,0.3,45.0,46.4,170.0
346,2024-08-09 18:29:57,40.666733,-74.070023,119.0,158.0,39.0,2024-08-09 18:27:57,AL042024,DEBBY,42.8,-76.5,30,168.087992488606,2024-08-09 18:00:00,458972,0.4,Terrestrial,0,8.8,370567000,,,,1.06,158.0,4.55,1.04,161.0,3.85,0.12,127.0,7.9,0.3,45.0,46.4,170.0
346,2024-08-09 18:49:56,40.6563,-74.055573,212.0,138.0,74.0,2024-08-09 18:47:50,AL042024,DEBBY,42.8,-76.5,30,168.99010452995316,2024-08-09 18:00:00,458972,4.0,Terrestrial,0,8.8,370567000,,,,0.96,162.0,4.7,0.9,167.0,3.75,0.24,142.0,7.25,0.2,270.0,46.1,172.0
346,2024-08-09 20:03:39,40.444893,-73.834923,82.0,120.0,38.0,2024-08-09 20:00:34,AL042024,DEBBY,42.8,-76.5,30,185.18735598939898,2024-08-09 18:00:00,458972,10.0,Terrestrial,0,8.8,370567000,,,,1.92,169.0,6.55,1.74,173.0,5.45,0.5,145.0,8.65,0.4,297.0,57.3,182.0
346,2024-08-09 20:14:00,40.448887,-73.805878,136.0,103.0,33.0,2024-08-09 20:11:41,AL042024,DEBBY,42.8,-76.5,30,185.8469255139774,2024-08-09 18:00:00,458972,8.4,Terrestrial,0,8.8,370567000,,,,2.46,172.0,6.85,2.36,175.0,6.0,0.42,131.0,9.2,0.4,243.0,58.1,184.0
355,2021-10-25 23:08:35,36.831558,-75.766022,300.0,268.0,32.0,2021-10-25 22:51:00,AL212021,WANDA,34.2,-74.1,45,177.73554901051028,2021-10-26 00:00:00,327293,13.5,Terrestrial,0,8.9,338794000,Charleston,32.79,-79.925,0.7,130.0,5.25,0.36,148.0,2.6,0.56,125.0,4.6,,,24.9,169.0
355,2021-10-26 00:04:07,36.932667,-75.96283,310.0,277.0,33.0,2021-10-25 23:57:15,AL212021,WANDA,34.2,-74.1,45,187.5959170968739,2021-10-26 00:00:00,327293,10.2,Terrestrial,0,8.9,338794000,Charleston,32.79,-79.925,0.78,129.0,5.25,0.46,141.0,2.7,0.56,124.0,4.75,,,19.2,140.0
355,2021-10-26 00:10:45,36.946495,-75.98027,343.0,303.0,40.0,2021-10-26 00:08:12,AL212021,WANDA,34.2,-74.1,45,188.73124578184007,2021-10-26 00:00:00,327293,11.9,Terrestrial,0,8.9,338794000,Charleston,32.79,-79.925,0.78,129.0,5.25,0.46,141.0,2.7,0.56,124.0,4.75,,,19.2,140.0
360,2025-07-07 15:20:00,36.839287,-75.610542,250.0,209.0,41.0,2025-07-07 15:05:53,AL032025,CHANTAL,36.3,-78.6,25,147.73776493437725,2025-07-07 06:00:00,314900,13.0,Terrestrial,0,9.9,259895000,Brunswick,31.145,-81.493,1.24,162.0,5.5,0.72,199.0,3.2,0.98,147.0,4.9,0.8,63.0,33.0,204.0
360,2025-07-07 17:18:15,36.957008,-75.986076,332.0,297.0,35.0,2025-07-07 17:07:12,AL032025,CHANTAL,36.3,-78.6,25,131.97602853991617,2025-07-07 06:00:00,314900,12.1,Terrestrial,0,9.9,259895000,Brunswick,31.145,-81.493,0.88,161.0,5.2,0.5,218.0,2.65,0.66,148.0,4.65,1.5,120.0,24.7,260.0
360,2025-07-07 18:29:50,37.184734,-76.154854,12.0,351.0,339.0,2025-07-07 18:19:49,AL032025,CHANTAL,37.3,-77.0,25,40.98397264013413,2025-07-07 12:00:00,314900,12.5,Terrestrial,0,9.0,259895000,Brunswick,31.145,-81.493,0.46,189.0,3.6,0.28,253.0,2.1,0.24,137.0,4.7,1.4,180.0,19.8,270.0
360,2025-07-07 19:22:16,37.403187,-76.076698,353.0,2.0,351.0,2025-07-07 19:18:00,AL032025,CHANTAL,37.3,-77.0,25,44.50036799212642,2025-07-07 12:00:00,314900,16.1,Terrestrial,0,9.9,259895000,Brunswick,31.145,-81.493,0.44,212.0,3.25,0.3,256.0,2.25,0.24,186.0,3.05,1.6,180.0,19.3,262.0
360,2025-07-07 19:28:48,37.431149,-76.086655,7.0,339.0,332.0,2025-07-07 19:24:16,AL032025,CHANTAL,37.3,-77.0,25,44.28925005973371,2025-07-07 12:00:00,314900,15.8,Roaming,0,9.9,259895000,Brunswick,31.145,-81.493,0.4,200.0,3.1,0.24,256.0,2.1,0.2,150.0,3.3,1.3,180.0,19.3,262.0
360,2025-07-07 19:58:11,37.557835,-76.040001,347.0,12.0,335.0,2025-07-07 19:47:11,AL032025,CHANTAL,37.3,-77.0,25,48.31812908768151,2025-07-07 12:00:00,314900,16.2,Terrestrial,0,9.9,259895000,Brunswick,31.145,-81.493,0.42,216.0,3.05,0.3,256.0,2.3,0.22,175.0,2.8,1.3,164.0,22.9,271.0
360,2025-07-07 20:53:16,37.776016,-76.180702,10.0,356.0,346.0,2025-07-07 20:40:16,AL032025,CHANTAL,37.3,-77.0,25,48.35558568951442,2025-07-07 12:00:00,314900,17.2,Terrestrial,0,9.9,259895000,Brunswick,31.145,-81.493,0.22,174.0,2.95,0.12,251.0,1.65,0.18,173.0,2.65,0.4,180.0,8.5,271.0
360,2025-07-07 21:17:00,37.883888,-76.146553,357.0,10.0,347.0,2025-07-07 20:53:16,AL032025,CHANTAL,37.3,-77.0,25,53.642235514500875,2025-07-07 12:00:00,314900,16.2,Terrestrial,0,9.9,259895000,Brunswick,31.145,-81.493,0.26,182.0,3.15,0.08,246.0,1.55,0.22,181.0,2.65,0.9,180.0,12.1,327.0
360,2025-07-07 23:50:51,38.575268,-76.438255,5.0,343.0,338.0,2025-07-07 23:45:46,AL032025,CHANTAL,37.3,-77.0,25,81.0561127496479,2025-07-07 12:00:00,314900,17.2,Roaming,0,9.9,259895000,Brunswick,31.145,-81.493,0.14,165.0,2.7,0.0,264.0,0.0,0.12,164.0,2.55,0.6,198.0,4.0,238.0
360,2025-07-08 00:10:58,38.67075,-76.419388,348.0,5.0,343.0,2025-07-07 23:50:51,AL032025,CHANTAL,38.3,-75.7,20,40.47934945793452,2025-07-07 18:00:00,314900,17.2,Terrestrial,0,9.9,259895000,Brunswick,31.145,-81.493,0.12,292.0,2.05,0.0,183.0,0.0,0.1,328.0,1.45,0.2,180.0,12.6,155.0
360,2025-07-08 00:23:58,38.732624,-76.429222,0.0,350.0,350.0,2025-07-08 00:16:00,AL032025,CHANTAL,38.3,-75.7,20,42.99092759865545,2025-07-07 18:00:00,314900,17.2,Roaming,0,9.9,259895000,Brunswick,31.145,-81.493,0.12,292.0,2.05,0.0,183.0,0.0,0.1,328.0,1.45,0.2,180.0,12.6,155.0
360,2025-07-08 00:47:59,38.8466,-76.40361,359.0,11.0,348.0,2025-07-08 00:31:58,AL032025,CHANTAL,38.3,-75.7,20,46.559917789502514,2025-07-07 18:00:00,314900,17.3,Terrestrial,0,9.9,259895000,Brunswick,31.145,-81.493,0.06,170.0,2.4,0.0,191.0,0.0,0.04,106.0,2.2,0.4,180.0,11.9,185.0
360,2025-07-08 01:00:58,38.908291,-76.402931,0.0,359.0,359.0,2025-07-08 00:47:59,AL032025,CHANTAL,38.3,-75.7,20,49.20989673484163,2025-07-07 18:00:00,314900,16.2,Roaming,0,9.9,259895000,Brunswick,31.145,-81.493,0.06,170.0,2.4,0.0,191.0,0.0,0.04,106.0,2.2,0.4,180.0,8.8,168.0
360,2025-07-08 01:27:58,39.0172,-76.375381,353.0,14.0,339.0,2025-07-08 01:21:58,AL032025,CHANTAL,38.3,-75.7,20,53.449743446179916,2025-07-07 18:00:00,314900,13.6,Terrestrial,0,9.9,259895000,Brunswick,31.145,-81.493,0.06,170.0,2.4,0.0,191.0,0.0,0.04,106.0,2.2,0.6,198.0,8.6,179.0
360,2025-07-08 02:59:30,39.237385,-76.546402,31.0,347.0,316.0,2025-07-08 02:57:24,AL032025,CHANTAL,38.3,-75.7,20,68.82840213077368,2025-07-07 18:00:00,314900,3.0,Terrestrial,0,9.9,259895000,Brunswick,31.145,-81.493,,,,,,,,,,0.0,90.0,12.9,215.0
360,2025-07-08 03:10:30,39.245628,-76.541237,348.0,16.0,332.0,2025-07-08 03:07:30,AL032025,CHANTAL,38.3,-75.7,20,69.09429237851259,2025-07-07 18:00:00,314900,2.4,Terrestrial,0,9.9,259895000,Brunswick,31.145,-81.493,,,,,,,,,,0.0,90.0,12.9,215.0
360,2025-07-08 03:16:30,39.247478,-76.542084,139.0,335.0,196.0,2025-07-08 03:14:30,AL032025,CHANTAL,38.3,-75.7,20,69.20787131360183,2025-07-07 18:00:00,314900,1.2,Terrestrial,0,9.9,259895000,Brunswick,31.145,-81.493,,,,,,,,,,0.0,90.0,12.9,215.0
