uuid,name,name_ais,mmsi,imo,eni,country_iso,country_name,callsign,type,type_specific,gross_tonnage,deadweight,teu,liquid_gas,length,breadth,draught_avg,draught_max,speed_avg,speed_max,year_built,is_navaid,home_port
084a1221-1dcf-9062-b217-042743f6695b,DON PASQUALE,DON PASQUALE,259023000,9138513,,NO,Norway,LATF8,Cargo,Vehicles Carrier,67141.0,28142.0,,,227.9,32.29,8.0,8.0,8.7,19.0,1997,False,
090a81fa-6715-6918-f70a-3f923b741b18,TARIFA,TARIFA,309847000,9327748,,BS,Bahamas,C6VT6,Cargo,Vehicles Carrier,57692.0,21120.0,,,199.95,32.28,9.3,9.3,11.0,22.0,2007,False,NASSAU
3eab33b6-a96b-4b03-596e-0d342300cf57,DON QUIJOTE,DON QUIJOTE,257264000,9138525,,NO,Norway,LATE8,Cargo,Vehicles Carrier,67141.0,28142.0,,,227.9,32.29,9.0,9.0,11.7,20.0,1998,False,
56ef8d5f-cf1c-1f0c-8e3e-90197debd97b,MORNING CORNET,MORNING CORNET,636018238,9329473,,LR,Liberia,D5OU4,Cargo,Vehicles Carrier,57542.0,21051.0,,,199.98,32.3,9.1,9.1,12.8,21.0,2007,False,MONROVIA
5ee00834-7412-efd4-164b-30eb2e66cdaa,AUTO ECO,AUTO ECO,255805907,9736365,,PT,Portugal,CQIA7,Cargo,Vehicles Carrier,42424.0,16995.0,,,181.0,32.0,7.2,7.2,13.9,21.0,2016,False,
7189c709-431a-bf25-9315-dae6e6cc5972,MORNING CALYPSO,MORNING CALYPSO,351628000,9638460,,PA,Panama,3FIK5,Cargo,Vehicles Carrier,59580.0,18713.0,,,199.97,32.26,8.70156931124673,9.8,10.4,22.0,2013,False,PANAMA
933b4092-0cd1-7c4c-b248-2176e26a719b,GLOVIS SUN,GLOVIS SUN,440255000,9749568,,KR,South Korea,D7GZ,Cargo,Vehicles Carrier,65748.0,19638.0,,,199.97,35.0,9.5,9.5,10.4,20.0,2015,False,
b78c44b4-9388-0036-80d2-f5b87a1e7d12,ARC INDEPENDENCE,ARC INDEPENDENCE,338794000,9332925,,US,USA,WAIE,,Vehicles Carrier,72118.0,30200.0,,,227.8,32.26,9.7,9.7,12.8,21.0,2007,False,
b8ec9dce-7e1a-6e3c-1ad7-7f0c3dbadc1c,EUPHONY ACE,EUPHONY ACE,371618000,9293595,,PA,Panama,3EDG6,Cargo,Vehicles Carrier,58631.0,18944.0,,,199.95,32.2,8.9,8.9,10.7,22.0,2005,False,PANAMA
c014f1f4-9f97-39a5-8544-31573542ecd1,TRAVIATA,TRAVIATA,265012000,9700524,,SE,Sweden,SBJH,Cargo,Vehicles Carrier,73358.0,23889.0,,,199.9,36.5,9.6,9.6,8.4,21.0,2019,False,
2b49bccf-a6da-aa35-b4f4-bcf7d790f60e,ARC INTEGRITY,ARC INTEGRITY,338058000,9332949,,US,USA,KINQ,Cargo,Vehicles Carrier,72118.0,30386.0,,,227.8,32.29,9.7,9.7,12.0,22.0,2008,False,
57facf86-2996-6c7f-bf77-b4d25ae5cff0,TYSLA,TYSLA,249909000,9515400,,MT,Malta,9HA2067,Cargo,Vehicles Carrier,75251.0,43878.0,,,265.0,32.27,10.3,10.3,7.2,22.0,2012,False,VALLETTA
9bebd48b-5245-bb81-3b26-69fe8523c38f,POLARIS HIGHWAY,POLARIS HIGHWAY,356874000,9728095,,PA,Panama,3EMP4,Cargo,Vehicles Carrier,76299.0,20494.0,,,199.99,37.5,8.5,8.5,10.0,22.0,2017,False,PANAMA
9c84fc61-a5b8-7d7f-1a22-e455ac86fd3c,THALATTA,THALATTA,229710000,9702455,,MT,Malta,9HA3538,Cargo,Vehicles Carrier,75283.0,23786.0,,,199.97,36.54,10.181771047650399,10.5,9.5,21.0,2015,False,VALLETTA
da6dbca3-1162-c18b-aea0-a30e9b617a12,TITUS,TITUS,249011000,9700512,,MT,Malta,9HA4089,Cargo,Vehicles Carrier,73358.0,23889.0,,,199.99,36.53,9.922640756022894,10.6,7.5,21.0,2018,False,VALLETTA
f72142e2-04f5-2296-cf10-faf296f803c6,ELEKTRA,ELEKTRA,257248000,9176577,,NO,Norway,LATK8,Cargo,Vehicles Carrier,67264.0,28126.0,,,227.0,33.0,8.5,8.5,11.7,21.0,1999,False,
faa9e890-87e8-5c13-ac96-5a181d793230,MORNING CINDY,MORNING CINDY,353647000,9633185,,PA,Panama,3FQY7,Cargo,Vehicles Carrier,59580.0,18735.0,,,199.97,32.26,9.0,9.0,10.3,21.0,2012,False,PANAMA
1f490ee9-1ac0-b4fa-1238-b2f952c6e7d5,HORIZON HIGHWAY,HORIZON HIGHWAY,353105000,9726700,,PA,Panama,3FVP9,Cargo,Vehicles Carrier,75036.0,20586.0,,,199.96,38.0,9.3,9.3,10.7,20.0,2016,False,PANAMA
26878999-041b-cceb-383d-07e59fe60184,MORNING PILOT,MORNING PILOT,538005521,9669031,,MH,Marshall Islands,V7ER7,Cargo,Vehicles Carrier,65276.0,22675.0,,,199.9,35.44,9.6,9.6,12.7,21.0,2014,False,
2aff5121-51a0-f6f6-2ec3-6a772395f704,ASIAN CAPTAIN,ASIAN CAPTAIN,440371000,9158616,,KR,South Korea,D7AQ,Cargo,Vehicles Carrier,71383.0,25765.0,,,228.78,32.26,8.9,8.9,9.3,20.0,1998,False,JEJU CHEJU
4b803de0-4fe6-a5df-9e73-71677e636a7b,MORNING CELESTA,MORNING CELESTA,311000705,9336062,,BS,Bahamas,C6DK7,Cargo,Vehicles Carrier,57542.0,21055.0,,,199.97,32.5,8.4,8.4,12.0,64.0,2008,False,NASSAU
82800e5d-57f2-4738-f2e1-32a70b23c9d3,BROOKLANDS,BROOKLANDS,636017767,9748289,,LR,Liberia,D5MP8,Cargo,Vehicles Carrier,72700.0,18322.0,,,199.96,38.0,8.44207702020202,9.7,9.2,22.0,2017,False,MONROVIA
98cf0461-0635-14d5-688f-765159943c38,HAMBURG HIGHWAY,HAMBURG HIGHWAY,431262000,9712644,,JP,Japan,7JUW,Cargo,Vehicles Carrier,75206.0,20703.0,,,199.96,38.0,9.3,9.3,13.1,21.0,2015,False,KOBE
c8140e80-a664-f8ab-ade4-662396c7e1b9,MORNING CLAIRE,MORNING CLAIRE,373398000,9620683,,PA,Panama,3EZF3,Cargo,Vehicles Carrier,60928.0,16491.0,,,199.99,32.26,9.5,9.5,12.6,22.0,2012,False,PANAMA
16460ea9-8586-0cbe-d577-8441000027ab,MANON,MANON,259001000,9179725,,NO,Norway,LATJ8,Cargo,Vehicles Carrier,67264.0,28360.0,,,227.9,32.29,9.0,9.0,9.9,20.0,1999,False,
25192070-e289-4c7a-ad46-2bd33ca76432,ORION HIGHWAY,ORION HIGHWAY,374678000,9728071,,PA,Panama,3ESA4,Cargo,Vehicles Carrier,76299.0,20532.0,,,199.99,37.5,8.899895822481508,9.5,9.7,23.0,2016,False,PANAMA
4fe4ac1d-39fd-618f-8685-e1241b25e82e,UNDINE,UNDINE,265884000,9240160,,SE,Sweden,SHJC,Cargo,Vehicles Carrier,67378.0,28388.0,,,227.9,32.33,7.8,7.8,8.5,20.0,2003,False,STOCKHOLM
af889693-fdbc-6d55-5b3c-4c7cdaec50f6,APOLLON HIGHWAY,APOLLON HIGHWAY,353013000,9728083,,PA,Panama,3EJX7,Cargo,Vehicles Carrier,76299.0,20321.0,,,199.99,37.5,8.0,8.0,9.5,22.0,2017,False,PANAMA
d2ef4dc8-3df8-f23d-9cdb-d221bba2b977,ARC DEFENDER,ARC DEFENDER,338145000,9375264,,US,USA,WDM6793,Cargo,Vehicles Carrier,61328.0,22144.0,,,199.99,32.26,8.3,8.3,11.4,22.0,2008,False,
f76963a6-710a-c6eb-6c2b-291b3e1f91a6,TIJUCA,TIJUCA,259805000,9377511,,NO,Norway,LAFV7,Cargo,Vehicles Carrier,71673.0,30089.0,,,231.6,32.58,10.1,10.1,12.6,22.0,2008,False,TONSBERG
1d0fcae5-72a4-98a3-f312-3cbceb27b4bf,MORNING LUCY,MORNING LUCY,372802000,9383431,,PA,Panama,3FWJ,Cargo,Vehicles Carrier,68700.0,28080.0,,,232.37,32.3,8.8,8.8,9.1,22.0,2009,False,PANAMA
28734584-46f0-91cb-b66a-5a51a30b17c4,LYDDEN,LYDDEN,636018494,9782091,,LR,Liberia,D5PY2,Cargo,Vehicles Carrier,72684.0,18168.0,,,199.96,38.0,8.7,8.7,9.9,20.0,2018,False,MONROVIA
6393d967-5c79-626a-a5f6-105a5d3961bd,IGUAZU HIGHWAY,IGUAZU HIGHWAY,353706000,9827243,,PA,Panama,3EME5,Cargo,Vehicles Carrier,75528.0,21052.0,,,199.98,37.0,9.7,9.7,12.6,21.0,2018,False,PANAMA
b858c595-dfbc-2b97-8de4-cf61fb9e8816,MORNING CHAMPION,MORNING CHAMPION,311922000,9285627,,BS,Bahamas,C6UI3,Cargo,Vehicles Carrier,57692.0,21106.0,,,199.92,32.28,9.7,9.7,13.0,23.0,2005,False,NASSAU
082bc753-6ea1-1fa5-67ea-166b8590a17a,MORNING PEACE,MORNING PEACE,538007249,9780627,,MH,Marshall Islands,V7BF3,Cargo,Vehicles Carrier,66802.0,22438.0,,,199.9,35.44,9.7,9.7,12.0,20.0,2017,False,
238a3a88-85ed-b7c1-25cb-46b898654ecf,SPLENDID ACE,SPLENDID ACE,431349000,9252228,,JP,Japan,7JXH,Cargo,Vehicles Carrier,56556.0,19893.0,,,198.0,32.2,8.7,8.7,10.7,21.0,2003,False,TOKYO
55f8b59b-8197-78d0-051e-45ea606f8e05,MORNING LADY,MORNING LADY,441467000,9445980,,KR,South Korea,D8ML,Cargo,Vehicles Carrier,70853.0,27343.0,,,232.38,32.3,9.6,9.6,13.3,32.0,2010,False,
594b4c60-4895-5c3c-aab7-bfe9b4bd321c,MORNING LAURA,MORNING LAURA,538011674,9445992,,MH,Marshall Islands,V7A3285,Cargo,Vehicles Carrier,70853.0,27297.0,,,232.38,32.3,9.4,9.4,11.8,22.0,2010,False,
93249572-fc88-5c57-52f3-17cdf91ca78b,DONINGTON,DONINGTON,636017870,9748291,,LR,Liberia,D5NC3,Cargo,Vehicles Carrier,72700.0,18241.0,,,199.96,38.0,8.9,8.9,9.6,21.0,2017,False,MONROVIA
e8f2945f-2551-479a-1303-ea7f54e725c5,PARSIFAL,PARSIFAL,259024000,9515395,,NO,Norway,LATL8,Cargo,Vehicles Carrier,75251.0,43878.0,,,265.0,32.27,8.8,8.8,10.2,21.0,2011,False,
778d742d-e6eb-eaaa-c073-1ac32b443af7,PATRIOT,PATRIOT,303210000,9316139,,US,USA,WAIU,Cargo,Vehicles Carrier,60979.0,22564.0,,,199.0,32.29,8.8,8.8,10.0,22.0,2006,False,
7ca4469d-7944-d4d0-b2e0-cf5086423c1a,MORNING LYNN,MORNING LYNN,370808000,9383429,,PA,Panama,3FXS4,Cargo,Vehicles Carrier,68701.0,28092.0,,,232.37,32.3,9.1,9.1,11.9,20.0,2009,False,PANAMA
7d35d99f-1fd8-ee57-b2f8-adde9f2789cb,ARC COMMITMENT,ARC COMMITMENT,368444000,9505039,,US,USA,WDM6549,Cargo,Vehicles Carrier,74255.0,31143.0,,,230.8,32.3,10.4,10.4,10.3,22.0,2011,False,
8f2ff2d0-65d5-30c4-0a9e-acafd72a8610,LAKE KIVU,LAKE KIVU,636015993,9308792,,LR,Liberia,D5DX4,Cargo,Vehicles Carrier,47168.0,12325.0,,,182.8,31.5,9.2,9.2,12.0,20.0,2006,False,MONROVIA
fb19b691-5da1-37a5-daa6-35bf6ec2ae3d,MORNING CHORUS,MORNING CHORUS,440093000,9312834,,KR,South Korea,D7EK,Cargo,Vehicles Carrier,57536.0,21276.0,,,199.99,32.29,7.2,7.2,13.4,22.0,2007,False,
416bac72-64bd-3e0f-391c-a9d3fc3a7bcb,MORNING LISA,MORNING LISA,370967000,9383417,,PA,Panama,3FRO6,Cargo,Vehicles Carrier,68701.0,28084.0,,,232.37,32.3,7.4,7.4,12.7,22.0,2008,False,PANAMA
456c0441-6f18-e234-3cae-dd7bc2917245,OREGON HIGHWAY,OREGON HIGHWAY,352929000,9381665,,PA,Panama,3ENO7,Cargo,Vehicles Carrier,57147.0,17699.0,,,199.94,32.26,8.0,8.0,12.8,20.0,2007,False,PANAMA
f1e350c6-c1fb-c68a-d0e2-166ab2f7f0b8,TONSBERG,TONSBERG,249904000,9515383,,MT,Malta,9HA2066,Cargo,Vehicles Carrier,75251.0,41820.0,,,265.0,32.27,9.7,9.7,8.6,102.0,2011,False,VALLETTA
30272136-1024-7606-b561-9b49e2d71616,SUMIRE LEADER,SUMIRE LEADER,636022335,9933999,,LR,Liberia,5LIH3,Cargo,Vehicles Carrier,72800.0,19800.0,,,199.0,38.0,,,,,2023,False,
347f095d-0259-a5eb-02a1-29eac80ffa8d,MORNING PRIDE,MORNING PRIDE,538005617,9681431,,MH,Marshall Islands,V7FM4,Cargo,Vehicles Carrier,65424.0,22675.0,,,199.9,35.43,9.8,9.8,7.9,21.0,2014,False,
d1e1ac62-71c8-8047-fae6-520fb528e04d,TANNHAUSER,TANNHAUSER,265827240,9731640,,SE,Sweden,SBLA,Cargo,Vehicles Carrier,73358.0,24155.0,,,199.9,36.0,8.6,8.6,12.1,22.0,2020,False,
23600111-c888-c9fe-f0b5-1b900ff6a61f,RCC AMERICA,RCC AMERICA,311595000,9277802,,BS,Bahamas,C6TD4,Cargo,Vehicles Carrier,57718.0,21182.0,,,199.81,32.28,8.6,8.6,9.8,21.0,2003,False,NASSAU
36474081-385e-8197-3017-70cf32b93ab6,LAKE GENEVA,LAKE GENEVA,636016445,9713882,,LR,Liberia,D5GF5,Cargo,Vehicles Carrier,59516.0,18611.0,,,199.97,32.26,9.7,9.7,11.7,20.0,2015,False,MONROVIA
3e86b83d-543e-06cf-41da-55a2e627ac49,MORNING PROSPERITY,MORNING PROSPERITY,538007250,9780639,,MH,Marshall Islands,V7BJ2,Cargo,Vehicles Carrier,66802.0,22438.0,,,199.9,35.44,9.5,9.5,11.4,20.0,2017,False,
b476da7f-06b3-821d-729e-17a62a3e1df6,HAWAIIAN HIGHWAY,HAWAIIAN HIGHWAY,538006326,9712632,,MH,Marshall Islands,V7LW8,Cargo,Vehicles Carrier,75126.0,20606.0,,,199.96,38.0,9.6,9.6,11.2,21.0,2015,False,
e43aeb14-4e12-dccd-5f72-23cc9e29fdef,OLYMPIAN HIGHWAY,OLYMPIAN HIGHWAY,431651000,9757993,,JP,Japan,7KAS,Cargo,Vehicles Carrier,75185.0,20445.0,,,199.96,38.0,9.2,9.2,9.8,20.0,2017,False,KOBE
0a525b38-4ac4-c85e-86d8-0912d64225cf,GEORGIA HIGHWAY,GEORGIA HIGHWAY,432629000,9339820,,JP,Japan,7JCV,Cargo,Vehicles Carrier,56973.0,17685.0,,,199.94,32.26,8.4,8.4,9.0,102.0,2007,False,KOBE
5f2eb07f-30ee-73b0-0b75-64f4b29c60db,SIRIUS HIGHWAY,SIRIUS HIGHWAY,538007517,9757981,,MH,Marshall Islands,V7ST8,Cargo,Vehicles Carrier,75044.0,20419.0,,,199.96,38.0,9.249136057941024,9.5,11.0,23.0,2017,False,
aa747a69-f26a-2afa-605d-fb342919d003,TOSCA,TOSCA,257268000,9605798,,NO,Norway,LATG8,Cargo,Vehicles Carrier,61106.0,22585.0,,,199.99,32.0,9.0,9.0,7.3,51.0,2013,False,
c49fc8b4-c17d-7145-383f-b83e488959ae,TIRRANNA,TIRRANNA,259895000,9377523,,NO,Norway,LAFU7,Cargo,Vehicles Carrier,71673.0,29936.0,,,231.6,32.58,8.8,8.8,7.3,102.0,2009,False,TONSBERG
2c0a855d-00c9-26f1-0e9b-ad9eb5e624b7,THEMIS,THEMIS,563220000,9722314,,SG,Singapore,9V3558,Cargo,Vehicles Carrier,75283.0,23786.0,,,199.97,36.54,9.0,9.0,10.1,20.0,2016,False,
a34736a8-eae0-8b23-4a10-3255c8ea5ee4,TALIA,TALIA,308599000,9311854,,BS,Bahamas,C6VJ6,Cargo,Vehicles Carrier,57692.0,21021.0,,,199.95,32.51,8.7,8.7,7.2,32.0,2006,False,NASSAU
dc948c79-8203-473f-0d83-16c27430d254,DON CARLOS,DON CARLOS,257263000,9122655,,NO,Norway,LATD8,Cargo,Vehicles Carrier,67141.0,28142.0,,,227.9,32.29,8.0,8.0,8.3,20.0,1997,False,
43deebdd-1263-f268-1c03-2b911672631d,GLOVIS CLIPPER,GLOVIS CLIPPER,311054400,9441582,,BS,Bahamas,C6ZE8,Cargo,Vehicles Carrier,58767.0,20434.0,,,199.99,32.29,9.5,9.5,11.1,21.0,2012,False,NASSAU
4e2de11c-86bc-070e-3354-aa267e6f8949,BOHEME,BOHEME,563262000,9176565,,SG,Singapore,9V8514,Cargo,Vehicles Carrier,67264.0,28360.0,,,227.0,32.0,9.1,9.1,10.5,24.0,1999,False,
6a0e778f-a812-0e41-1083-e534919ad891,TOREADOR,TOREADOR,248910000,9375288,,MT,Malta,9HA4856,Cargo,Vehicles Carrier,61328.0,22098.0,,,199.99,32.26,9.5,9.5,8.5,21.0,2008,False,VALLETTA
aad96da1-1ce8-47b2-c27b-de93b5782929,MORNING LINDA,MORNING LINDA,370567000,9383106,,PA,Panama,3ETI,Cargo,Vehicles Carrier,68701.0,28061.0,,,232.37,32.3,8.3,8.3,13.5,20.0,2008,False,PANAMA
81616793-f59a-69b2-3029-ce0578298991,GLOVIS CHALLENGE,GLOVIS CHALLENGE,441190000,9590591,,KR,South Korea,D8GI,Cargo,Vehicles Carrier,58288.0,20895.0,,,199.98,32.25,9.2,9.2,9.2,22.0,2012,False,
598b7ca4-5ae9-07cd-d8c4-bcc8da92e02d,BESS,BESS,259249000,9531715,,NO,Norway,LAZD8,Cargo,Vehicles Carrier,58750.0,18013.0,,,199.98,32.26,8.7,8.7,9.0,21.0,2010,False,PANAMA
c8ed655d-7d64-bb73-b3ac-efddc4a60504,FIDELIO,FIDELIO,266261000,9332937,,SE,Sweden,SLKR,Cargo,Vehicles Carrier,71583.0,30137.0,,,227.8,32.29,10.0,10.0,12.2,21.0,2007,False,STOCKHOLM
d0dd61f1-1213-5c27-4f61-c763db3a86c7,THERMOPYLAE,THERMOPYLAE,229711000,9702443,,MT,Malta,9HA3539,Cargo,Vehicles Carrier,75283.0,23786.0,,,199.97,36.54,9.5,9.5,9.5,21.0,2015,False,VALLETTA
f95f9c0b-3a26-a885-3b0d-b9682d7b965e,GRAND PAVO,GRAND PAVO,352879000,9284776,,PA,Panama,3EAG4,Cargo,Ro-Ro Cargo,59217.0,18376.0,,,199.9,32.26,9.26357115160915,9.6,11.1,21.0,2005,False,PANAMA
82cd620b-899a-ba3a-c63d-3e1d9674475c,GRAND EAGLE,GRAND EAGLE,357347000,9267663,,PA,Panama,HOXM,Cargo,Vehicles Carrier,58947.0,19048.0,,,199.5,32.26,8.024498269896194,8.7,10.4,21.0,2003,False,PANAMA
d536b49f-96ac-fd60-4f2b-36e0ed0ffa96,THEBEN,THEBEN,566044000,9722302,,SG,Singapore,9V3559,Cargo,Vehicles Carrier,75283.0,23786.0,,,199.97,36.5,8.5,8.5,10.3,22.0,2016,False,
1302a02c-b531-229a-df1c-4c458622fdb0,ASIAN DYNASTY,ASIAN DYNASTY,440058000,9203588,,KR,South Korea,D7NS,Cargo,Ro-Ro Cargo,55719.0,21224.0,,,199.95,32.26,9.2,9.2,11.3,21.0,1999,False,PANAMA
c079b622-f2ed-76cf-6b21-464bc36cf7b2,MIGNON,MIGNON,265491000,9189251,,SE,Sweden,SJCD,Cargo,Vehicles Carrier,67264.0,28126.0,,,227.95,32.33,8.5,8.5,12.2,22.0,1999,False,STOCKHOLM
e06ed875-b0fa-72b4-d1d9-925234ccc7e9,GRAND SAPPHIRE,GRAND SAPPHIRE,372516000,9325233,,PA,Panama,3EJH,Cargo,Ro-Ro Cargo,59217.0,18099.0,,,199.9,32.26,8.67600528601095,9.5,12.3,21.0,2007,False,PANAMA
881888dd-1203-2cb7-91b3-270a3c2facbb,OBERON,OBERON,266283000,9377509,,SE,Sweden,SKJF,Cargo,Vehicles Carrier,71673.0,30134.0,,,231.6,32.58,8.1,8.1,10.1,23.0,2008,False,STOCKHOLM
acb9d1b3-332a-cdd5-c42d-5b32f2f89572,LAKE SHIRASAGI,LAKE SHIRASAGI,636023592,1024869,,LR,Liberia,5LOL5,Cargo,Vehicles Carrier,,,,,199.9,38.02,,,,,,False,
f7e8486a-9c8a-d30d-389b-e95ba84e4f69,TORRENS,TORRENS,248923000,9293612,,MT,Malta,9HA4865,Cargo,Vehicles Carrier,61482.0,21965.0,,,199.99,32.29,9.813669334667333,10.9,9.2,20.0,2004,False,VALLETTA
94bdacb1-24bf-7ac1-ebf2-46ddd24e95fe,ANIARA,ANIARA,266282000,9377494,,SE,Sweden,SKJC,Cargo,Vehicles Carrier,71673.0,30089.0,,,231.6,32.58,10.1,10.1,10.3,21.0,2008,False,STOCKHOLM
fc0f5cb2-8442-9fa6-6587-c20ae779ceca,LIBERTY,LIBERTY,367125000,9310109,,US,USA,KLIG,Cargo,Vehicles Carrier,61321.0,19628.0,,,199.99,32.29,10.7,10.7,9.6,21.0,2006,False,WILMINGTON DE
a3098941-ddae-b3d9-aa3a-fbf3a32bbcf3,MORNING CECILIE,MORNING CECILIE,440367000,9477830,,KR,South Korea,D7VH,Cargo,Vehicles Carrier,60876.0,22699.0,,,199.94,32.26,8.9,8.9,12.3,22.0,2008,False,
2022230b-ba2b-0a0b-089d-f30f48e30ede,GRAND ORION,GRAND ORION,371798000,9303194,,PA,Panama,3EES,Cargo,Ro-Ro Cargo,59217.0,18312.0,,,199.9,32.26,8.414313725490196,9.2,11.5,20.0,2006,False,PANAMA
3ac4395c-a723-777e-ffc4-f9c6d0fc7298,TAMESIS,TAMESIS,257565000,9191307,,NO,Norway,LAOL5,Cargo,Vehicles Carrier,67140.0,38500.0,2392,,244.6,32.29,8.7,8.7,10.2,21.0,2000,False,TONSBERG
a8df5e0c-0e38-ac93-672d-7b3a4f8f8c2e,SILVER GLORY,SILVER GLORY,355989000,9070474,,PA,Panama,H9OA,Cargo,Vehicles Carrier,44818.0,13363.0,,,184.1,30.6,8.4,8.4,9.4,18.0,1994,False,PANAMA
ce4ed4f3-638e-a708-50a4-ee999a57225f,RCC CLASSIC,RCC CLASSIC,311072300,9441609,,BS,Bahamas,C6ZY7,Cargo,Vehicles Carrier,58767.0,21000.0,,,199.99,32.29,8.6,8.6,12.4,22.0,2013,False,NASSAU
6742d900-0ab9-d7e6-4f36-b55ff2416739,MORNING CELINE,MORNING CELINE,440694000,9519133,,KR,South Korea,D7KX,Cargo,Vehicles Carrier,60931.0,22415.0,,,199.94,32.26,8.0,8.0,9.9,25.0,2009,False,PANAMA
a7c799cf-7428-bcaf-0ab5-626540859ff2,MORNING CAPO,MORNING CAPO,538005232,9663295,,MH,Marshall Islands,V7CB4,Cargo,Vehicles Carrier,59615.0,20139.0,,,199.98,32.29,10.0,10.0,12.0,21.0,2013,False,
c6897a6e-d2e3-853d-e7eb-783f63ce3974,GEMINI LEADER,GEMINI LEADER,371862000,9519121,,PA,Panama,3FFC7,Cargo,Vehicles Carrier,60876.0,22723.0,,,199.94,32.26,9.2,9.2,12.3,23.0,2009,False,PANAMA
8b5aaea2-6264-e3e5-2515-328b4b95f3ff,MORNING CALM,MORNING CALM,311697000,9285615,,BS,Bahamas,C6TM5,Cargo,Vehicles Carrier,57692.0,21005.0,,,199.95,32.28,7.8,7.8,9.8,76.0,2004,False,NASSAU
e2831e7d-d217-477e-1d0f-4eda1ed679b8,TOLEDO,TOLEDO,248917000,9293624,,MT,Malta,9HA4861,Cargo,Vehicles Carrier,61482.0,21965.0,,,199.99,32.29,10.5,10.5,11.2,22.0,2005,False,VALLETTA
23d4c762-786d-1ed1-a3ab-51b0b2615b87,CRYSTAL RAY,CRYSTAL RAY,311039000,9210440,,BS,Bahamas,C6RI2,Cargo,Vehicles Carrier,57772.0,21400.0,,,199.98,32.27,9.0,9.0,11.1,20.0,2000,False,NASSAU
2bf4e4e0-696a-1779-6933-c6654c81373e,MORNING CAROL,MORNING CAROL,311000685,9336086,,BS,Bahamas,C6DI6,Cargo,Vehicles Carrier,57542.0,21044.0,,,199.97,32.3,9.3,9.3,10.0,24.0,2008,False,NASSAU
9670040c-5877-9b02-5436-71bf18c666c7,MORNING COURIER,MORNING COURIER,311921000,9285639,,BS,Bahamas,C6UI2,Cargo,Vehicles Carrier,57692.0,21053.0,,,199.94,32.4,9.8,9.8,10.3,20.0,2005,False,NASSAU
07f089b0-e489-4687-f62f-e2805f86c1f5,MORNING CHANT,MORNING CHANT,538005333,9663300,,MH,Marshall Islands,V7CV7,Cargo,Vehicles Carrier,59615.0,20190.0,,,199.98,32.29,9.0,9.0,11.9,21.0,2014,False,
7a5af8c1-2ba3-bbbe-530b-2a8e4de69152,DURBAN HIGHWAY,DURBAN HIGHWAY,371885000,9536961,,PA,Panama,H9CR,Cargo,Vehicles Carrier,58997.0,18906.0,,,199.91,32.26,8.2,8.2,13.3,21.0,2011,False,PANAMA
776e900f-dc9a-698b-a5b6-1c5079e67cc7,GLOVIS SUPREME,GLOVIS SUPREME,441133000,9674177,,KR,South Korea,D8GM,Cargo,Vehicles Carrier,64650.0,20138.0,,,199.97,35.0,8.0,8.0,11.3,21.0,2013,False,
1fbe06b9-29cc-0d85-0799-5f10b43c8710,TORINO,TORINO,248906000,9398321,,MT,Malta,9HA4855,Cargo,Vehicles Carrier,61328.0,22160.0,,,199.99,32.26,10.1,10.1,12.0,27.0,2009,False,VALLETTA
e6774a9b-837f-78a9-731c-92b8a09f8422,CAPE TOWN HIGHWAY,CAPE TOWN HIGHWAY,372031000,9565558,,PA,Panama,3FOK4,Cargo,Vehicles Carrier,58535.0,21676.0,,,199.9,32.26,8.8,8.8,13.3,23.0,2011,False,PANAMA
2a883057-0791-6a9b-2f1a-5dadd767b96c,TREASURE,TREASURE,636016742,9184859,,LR,Liberia,D5HO2,Cargo,Vehicles Carrier,58684.0,22173.0,,,199.9,32.26,9.212549300824667,9.5,9.1,20.0,1999,False,MONROVIA
458b526e-b587-a707-48e8-a888ce2805b2,ARC HONOR,ARC HONOR,303530000,9505089,,US,USA,WAHI,Cargo,Vehicles Carrier,72295.0,28818.0,,,229.99,32.3,10.7,10.7,10.4,23.0,2012,False,VALLETTA
a5c96360-6242-5ffa-0f60-6d0ee09923fb,ASIAN MAJESTY,ASIAN MAJESTY,441947000,9203576,,KR,South Korea,DSMZ8,Cargo,Vehicles Carrier,71383.0,25818.0,,,228.78,32.26,9.5,9.5,13.9,20.0,1999,False,JEJU CHEJU
f0835602-b9b0-55bf-148d-6d2ac5055985,PLATINUM RAY,PLATINUM RAY,308726000,9210438,,BS,Bahamas,C6RC2,Cargo,Vehicles Carrier,57772.0,21400.0,,,199.98,32.27,8.1,8.1,11.3,21.0,2000,False,NASSAU
dcc11ce5-9ad5-1e90-c4ae-76fa517ef769,CARMEN,CARMEN,266339000,9505027,,SE,Sweden,SMGW,Cargo,Vehicles Carrier,74258.0,31143.0,,,231.6,32.25,8.2,8.2,9.2,21.0,2011,False,STOCKHOLM
edf57454-a065-8717-0b83-cba24ef8b6dc,OCEANUS HIGHWAY,OCEANUS HIGHWAY,431536000,1046049,,JP,Japan,7KQR,Cargo,Vehicles Carrier,,,,,199.95,38.0,,,,,,False,
c15f5ad1-29ea-d3a4-d553-05de24a52ddc,MORNING CHARLOTTE,MORNING CHARLOTTE,352001831,9338694,,PA,Panama,3E2746,Cargo,Vehicles Carrier,61002.0,22362.0,,,199.94,32.26,7.5204,8.4,8.1,21.0,2007,False,PANAMA
b0aef9e7-220e-a40e-dc14-9ffa55364cfe,NEPTUNE THARROS,NEPTUNE THARROS,241812000,9431850,,GR,Greece,SVDQ4,Other,Vehicles Carrier,47266.0,12250.0,,,182.8,31.53,8.2,8.2,10.3,21.0,2011,False,
ddd427e2-a5ab-7bf4-a87a-3fe673638643,TAIPAN,TAIPAN,308921000,9311866,,BS,Bahamas,C6VF2,Cargo,Vehicles Carrier,57692.0,21021.0,,,199.9,32.27,7.6,7.6,11.1,22.0,2006,False,NASSAU
58d39b87-869c-4d7c-c4f4-dc5ec034b36f,LYRA LEADER,LYRA LEADER,431190000,9284752,,JP,Japan,7JUM,Cargo,Vehicles Carrier,62623.0,21453.0,,,199.94,32.26,8.9,8.9,12.5,21.0,2005,False,TOKYO
0e7906c7-4f1e-c471-e2b0-8f6a01596286,ARC ENDEAVOR,ARC ENDEAVOR,366663000,9505065,,US,USA,WENP,Cargo,Vehicles Carrier,72295.0,28837.0,,,229.99,32.3,8.3,8.3,8.9,21.0,2011,False,VALLETTA
822cb979-34f9-6aa4-877c-a9f717a4edb7,FREEDOM ACE,FREEDOM ACE,431868000,9293662,,JP,Japan,7KCB,Cargo,Vehicles Carrier,60065.0,19093.0,,,199.99,32.26,7.4,7.4,11.1,22.0,2005,False,TOKYO
bab4b1ab-ee17-f29b-1cbc-bc94e7ebbea3,CAPE CORTES,CAPE CORTES,368269000,9129706,,US,USA,WCAG,Cargo,Vehicles Carrier,49821.0,19860.0,,,190.49,32.26,8.0,8.0,11.4,20.0,1997,False,NORFOLK VA
de5150bd-e374-7b06-3a0e-c9103c7a5490,TORTUGAS,TORTUGAS,249757000,9319765,,MT,Malta,9HA4366,Cargo,Vehicles Carrier,61321.0,22271.0,,,199.99,32.29,8.2,8.2,9.9,23.0,2006,False,VALLETTA
7bc3aecf-1a2a-bdd4-276b-361bce702912,RCC ANTWERP,RCC ANTWERP,311000101,9441623,,BS,Bahamas,C6AO2,Cargo,Vehicles Carrier,58767.0,21000.0,,,199.96,32.26,8.5,8.5,9.4,24.0,2013,False,NASSAU
f1be1235-0d7e-721b-0035-ef3b5023ee6a,HELIOS RAY,HELIOS RAY,311000321,9690547,,BS,Bahamas,C6BO7,Cargo,Vehicles Carrier,71177.0,20903.0,,,199.97,35.4,9.9,9.9,12.9,102.0,2015,False,NASSAU
83e98fe6-423d-da8e-33f3-c46ab0dec073,FIGARO,FIGARO,266338000,9505041,,SE,Sweden,SMIO,Cargo,Vehicles Carrier,74258.0,31143.0,,,231.6,32.0,10.4,10.4,9.0,21.0,2011,False,STOCKHOLM
e8ae831a-ab22-f105-15f8-ae14c8d6fbc8,LIBERTY ACE,LIBERTY ACE,431554000,9293650,,JP,Japan,7KAY,Cargo,Vehicles Carrier,59992.0,19106.0,,,199.99,32.26,8.2,8.2,11.3,22.0,2004,False,TOKYO
846d9f2d-12a7-7069-91d0-9ff9cb2e99bb,CLOVER ACE,CLOVER ACE,636017062,9363950,,LR,Liberia,D5JC8,Cargo,Vehicles Carrier,60065.0,17280.0,,,199.99,32.26,9.2,9.2,9.3,21.0,2008,False,MONROVIA
c074932d-1ad1-6ea4-8b94-323d99ec759f,ASIAN EMPIRE,ASIAN EMPIRE,440114000,9176606,,KR,South Korea,D7ML,Cargo,Vehicles Carrier,71383.0,25765.0,,,228.78,32.26,7.8,7.8,11.0,102.0,1998,False,JEJU CHEJU
2d57e79b-ea58-f60f-39df-281dcf87ab59,HORIZON RAY,HORIZON RAY,311040600,9441520,,BS,Bahamas,C6YO9,Cargo,Vehicles Carrier,58767.0,20434.0,,,199.95,32.29,10.0,10.0,11.2,22.0,2010,False,NASSAU
9d0af273-5237-67c2-17ae-1c8f5e0efd24,NEREUS HIGHWAY,NEREUS HIGHWAY,352003983,9974101,,PA,Panama,3E5376,Cargo,Vehicles Carrier,,,,,199.0,38.0,,,,,,False,
ccd62f82-a8e5-c519-56ac-b09bca64de21,MORNING CAMILLA,MORNING CAMILLA,440104000,9477919,,KR,South Korea,D7DE,Cargo,Vehicles Carrier,60876.0,22692.0,,,199.94,32.26,8.75520869870221,8.9,9.4,21.0,2009,False,
50064743-973b-7af0-c70f-f986ba62b875,ATHENS HIGHWAY,ATHENS HIGHWAY,432930000,9443073,,JP,Japan,7JPL,Cargo,Vehicles Carrier,58994.0,18809.0,,,199.97,32.26,8.0,8.0,9.2,21.0,2008,False,KOBE
8f48e9e2-9f40-cdda-9945-0bb80601edbe,GLOVIS COURAGE,GLOVIS COURAGE,441168000,9651101,,KR,South Korea,D8GV,Cargo,Vehicles Carrier,59060.0,20661.0,,,199.98,32.0,9.8,9.8,10.3,22.0,2013,False,
54ebcb62-6c25-f550-fb74-2450c8e64442,LAKE TAZAWA,LAKE TAZAWA,636022691,9953810,,LR,Liberia,5LJZ9,Cargo,Vehicles Carrier,,,,,199.0,38.0,,,,,,False,
658bd637-284e-3c8a-3020-ef582b4036bf,PONTUS HIGHWAY,PONTUS HIGHWAY,352004564,9974113,,PA,Panama,3E6848,Cargo,Vehicles Carrier,,,,,199.0,38.0,,,,,,False,
24c4f135-de9b-a7d7-3050-62b0f4d6d1c2,GOLD XING,GOLD XING,636015992,9308807,,LR,Liberia,D5DX3,Cargo,Vehicles Carrier,46800.0,12260.0,,,182.8,31.53,9.1,9.1,11.8,19.0,2007,False,MONROVIA
8efa522c-db62-7cfa-972b-13bd352c7d8d,GLOVIS CARAVEL,GLOVIS CARAVEL,311054300,9441594,,BS,Bahamas,C6ZE7,Cargo,Vehicles Carrier,58767.0,20434.0,,,199.99,32.29,9.1,9.1,11.0,21.0,2012,False,NASSAU
d960e4ba-821d-5da7-14ff-c146823620dd,SERENITY HIGHWAY,SERENITY HIGHWAY,311002800,9391579,,BS,Bahamas,C6WY5,Cargo,Vehicles Carrier,57692.0,21004.0,,,199.98,32.28,8.0,8.0,9.8,24.0,2008,False,NASSAU
11004c10-2889-a0f9-76c3-5c422605ebfe,HERA HIGHWAY,HERA HIGHWAY,311001548,9982718,,BS,Bahamas,C6HR8,Cargo,Vehicles Carrier,,,,,199.0,38.0,,,,,,False,
4677200a-bfc6-4ac4-a2cc-74cf3a4b5503,RCC COMPASS,RCC COMPASS,311072400,9441611,,BS,Bahamas,C6ZY8,Cargo,Vehicles Carrier,58767.0,21000.0,,,199.99,32.29,9.1,9.1,10.6,22.0,2013,False,NASSAU
b34ab717-50b7-4675-f245-fcc4c08d4a43,AZUL ACE,AZUL ACE,372424000,9889100,,PA,Panama,HPGP,Cargo,Vehicles Carrier,72705.0,17961.0,,,199.96,38.0,,,11.8,21.0,2021,False,PANAMA
